0,1,2,3,4,5,6,7
2020,3,18,pm,5,36,user1,내일까지 읽어오시오.
2020,3,18,pm,5,44,user2,오머야
2020,3,18,pm,5,44,user3,ㅎㅇㅎㅇ
2020,3,18,pm,5,44,user2,이모티콘 안냐세영
2020,3,18,pm,5,44,user1,그냥 이거 읽으면
2020,3,18,pm,5,44,user2,쟤넨 석사인가?
2020,3,18,pm,5,45,user1,똑똑해짐
2020,3,18,pm,5,45,user1,뭔가
2020,3,18,pm,5,45,user2,아그래?
2020,3,18,pm,5,45,user1,트렌드분석이니깐
2020,3,18,pm,5,45,user1,학사각
2020,3,18,pm,5,45,user1,기업 사례분석
2020,3,18,pm,5,45,user1,ㅋㅋㅋㅋㅋㅋㅋ
2020,3,18,pm,5,45,user2,ㅋㅋㅋㅋㅁㅊ
2020,3,18,pm,5,45,user2,똑같은 멍청이들이네 모
2020,3,18,pm,5,45,user1,근데 읽으면
2020,3,18,pm,5,45,user1,아이디어가
2020,3,18,pm,5,45,user1,떠오를수도 있음
2020,3,18,pm,5,45,user1,제발 읽어줘
2020,3,18,pm,5,45,user1,부탁이여
2020,3,18,pm,5,45,user2,물류는 머 재밌는거가 없던데 용케 찾았넹
2020,3,18,pm,5,45,user2,아니읽고잇어
2020,3,18,pm,5,45,user2,걱정마러
2020,3,18,pm,5,45,user1,좀
2020,3,18,pm,5,45,user1,읽을만함
2020,3,18,pm,5,45,user1,ㅇㅈ?
2020,3,18,pm,5,46,user1,그리고 지환이형이 자기 상받은거 자료 주신대
2020,3,18,pm,5,49,user2,대충빠르게 읽엇는데
2020,3,18,pm,5,49,user2,칸반시스템을 단순 디지탈화한거랑 머가다름???
2020,3,18,pm,5,49,user1,ㅋㅋㅋㅋㅋㅋㅋㄲㅋ
2020,3,18,pm,5,49,user1,그냥 그 앞에
2020,3,18,pm,5,49,user1,기업 사례들보고
2020,3,18,pm,5,50,user1,이렇구나~
2020,3,18,pm,5,50,user1,하란 목적으로
2020,3,18,pm,5,50,user1,준거임
2020,3,18,pm,5,50,user2,아 현황분석만 보면대??
2020,3,18,pm,5,50,user2,ㅇㅎ
2020,3,18,pm,5,50,user1,ㅇㅇ
2020,3,18,pm,5,50,user2,놀랍게도 석사애들이네용
2020,3,18,pm,5,50,user1,여기서 알 수 있는점은
2020,3,18,pm,5,50,user1,스마트팩토리도
2020,3,18,pm,5,50,user1,scm의 일부다
2020,3,18,pm,5,50,user1,근데 아두이노는 좀 빼고 싶긴 하다
2020,3,18,pm,5,51,user1,근데 뭔가 다들 보고서로 입은 잘 털거 같아서
2020,3,18,pm,5,51,user1,뭘 보여줄게 있어야 할 것 같다
2020,3,18,pm,5,51,user2,맞지 옵션일뿐이니깐 빼버려두 괜찮으나 플러스알파가 될수도 있구
2020,3,18,pm,5,51,user1,그래서 시뮬레이션은
2020,3,18,pm,5,51,user1,가져가는게 좋을거같다
2020,3,18,pm,5,51,user1,라는 결론이었어
2020,3,18,pm,5,51,user1,어땠어
2020,3,18,pm,5,52,user2,좋졍
2020,3,18,pm,5,52,user3,나 과제만 끝내고 볼께요
2020,3,18,pm,5,52,user1,넵
2020,3,18,pm,5,52,user1,3.시스템 설계 전까지만 보시면 됩니다
2020,3,18,pm,5,55,user1,세아왜전화함
2020,3,18,pm,5,56,user2,ㅋㅋ퇴근했다고 자랑하려고
2020,3,18,pm,5,56,user2,이모티콘
2020,3,18,pm,5,57,user1,이모티콘
2020,3,18,pm,6,5,user2,다읽었다
2020,3,18,pm,10,23,user1,상받은거주심
2020,3,18,pm,10,25,user2,My storage running out
2020,3,18,pm,10,25,user1,?
2020,3,18,pm,10,25,user1,모했어
2020,3,18,pm,10,25,user2,Can u give me pdf version?
2020,3,18,pm,10,25,user2,Plz
2020,3,18,pm,10,26,user1,나지금지하철
2020,3,18,pm,10,26,user1,성훈 한 plz
2020,3,18,pm,10,28,user3,읽기 전용이라서 다른이름으로 저장이안되는 상황
2020,3,18,pm,10,28,user3,small pdf도 변환 안해주는 상황
2020,3,18,pm,10,28,user3,이상
2020,3,18,pm,10,29,user1,사진 6장
2020,3,18,pm,10,30,user1,어휴
2020,3,18,pm,10,30,user1,이모티콘
2020,3,18,pm,10,31,user2,이모티콘
2020,3,19,pm,12,0,user1,4시반까지감
2020,3,19,pm,12,3,user3,ㅋㅋㅋ물류경영이 잘 끝난다면
2020,3,19,pm,12,4,user1,ㅇㅈ
2020,3,19,pm,12,4,user3,어제 너가 올린거 스제개 과제할때 거의 다 본거든데ㅋㅋㅋ
2020,3,19,pm,12,4,user1,와웅..
2020,3,19,pm,12,4,user1,헬제개 역시
2020,3,19,pm,12,5,user3,ㅋㅋㅋㅋ그때 스마트 붙은건 거의다 찾아본것같아 젠장
2020,3,19,pm,12,6,user2,ㅋㅋㅋㅋㅋ
2020,3,19,pm,12,7,user2,스
2020,3,19,pm,12,7,user1,ㅋㅋ
2020,3,19,pm,12,7,user1,1시 수업이다!!!!!!!!!!!
2020,3,19,pm,12,7,user2,샵검색: #스마트제조
2020,3,19,pm,12,7,user1,와
2020,3,19,pm,12,7,user3,홀리
2020,3,19,pm,12,7,user2,모야 저책 몰라써?
2020,3,19,pm,12,7,user2,ㅋㅋㅋㅋㅋㅋㅋㅋㅋㅋ
2020,3,19,pm,12,7,user1,알지
2020,3,19,pm,12,8,user1,맨첫번째나올줄은
2020,3,19,pm,12,8,user1,모름
2020,3,19,pm,12,8,user2,ㅋㅋㅋㅋㅋㅋㅋㅋㅋㅋㅋㅋ
2020,3,19,pm,12,8,user2,우끼다
2020,3,19,pm,12,8,user2,물경 어떡해 진짜 없던 지병 생기겠다
2020,3,19,pm,12,20,user1,이모티콘
2020,3,19,pm,12,40,user1,아 시벌
2020,3,19,pm,12,40,user1,물류경영
2020,3,19,pm,12,40,user1,실시간이네
2020,3,19,pm,12,40,user1,실시간으로 시청자료를 보고
2020,3,19,pm,12,40,user1,과제가 5페이지 이내로 레포트야
2020,3,19,pm,12,40,user1,미친놈
2020,3,19,pm,12,44,user3,ㅁㅊ
2020,3,19,pm,12,46,user1,7시 카페 어떠셔..
2020,3,19,pm,12,46,user1,ㅅㅂ..
2020,3,19,pm,12,47,user3,어디 카페로갈까
2020,3,19,pm,12,47,user3,근데 실시간이아니라 출석만 실시간으로 하는거아님??
2020,3,19,pm,12,47,user1,음 그런가??
2020,3,19,pm,12,47,user1,과제 5페ㅣ지는
2020,3,19,pm,12,47,user1,너무햇다
2020,3,19,pm,12,47,user3,저게 언제다쓰냐
2020,3,19,pm,12,47,user1,일단 토론 참여하고
2020,3,19,pm,12,47,user1,도망갈까
2020,3,19,pm,12,48,user3,ㅋㅋㅋㅋㅋ3시에 들가보고 나중에 들어도되면 출튀ㅋㅋㅋ
2020,3,19,pm,12,48,user1,ㅇㅈ
2020,3,19,pm,12,48,user1,그러고 세아 카페로
2020,3,19,pm,12,48,user1,출근도장찍겟음
2020,3,19,pm,12,50,user1,한대앞역 할리스임
2020,3,19,pm,12,54,user2,ㅋㅋㅋㅋㅋㅋㅋㅋㅋㅋㅋ
2020,3,19,pm,12,54,user2,아니 자기가 머 할말이 있다고 그걸 실시간으로?
2020,3,19,pm,12,56,user2,이모티콘
2020,3,19,pm,12,58,user1,이래서
2020,3,19,pm,12,58,user1,갓선이짱임
2020,3,19,pm,12,58,user2,캡스톤 2학기만 들으면
2020,3,19,pm,12,58,user2,졸업이안대나?
2020,3,19,pm,12,58,user2,ㅜㅜ
2020,3,19,pm,12,58,user1,ㅇㅇ
2020,3,19,pm,12,59,user1,논문쓰면?
2020,3,19,pm,12,59,user2,논문쓸까햇는데.. 우리 공모전 퀄을 보아하니 걍 이걸로 캡스톤 날먹해두 좋을것같구..
2020,3,19,pm,1,1,user2,이모티콘
2020,3,19,pm,1,1,user3,ㅋㅋㅋㅋ
2020,3,19,pm,1,1,user3,졸업하기힘들다
2020,3,19,pm,1,1,user2,그니까여
2020,3,19,pm,1,1,user2,한국대학 졸업 누가쉽댔는지..후
2020,3,19,pm,1,1,user2,행정상문제로 안댄대?
2020,3,19,pm,1,3,user1,ㅋㅋㅋㅋㅋㅋㅋㅋㅋㅋㅋㅋㅋㅋㅋㅋㅋㅋㅋㅋ
2020,3,19,pm,1,3,user1,캡스톤 2학기때는
2020,3,19,pm,1,3,user1,발표가 아니라
2020,3,19,pm,1,3,user1,주제 정하는데 한 학기 다 씀
2020,3,19,pm,1,4,user2,그건 마져
2020,3,19,pm,1,4,user1,ㅋㅋㅋㅋㅋㅋㅋㅋㅋㅋㅋㅋㅋㅋㅋㅋㅋㅋㅋㅋㅋ
2020,3,19,pm,1,5,user1,캡스톤은 하드웨어를 섞어야
2020,3,19,pm,1,5,user1,결과물이 좋대
2020,3,19,pm,1,5,user2,뭔가 발명을할래?
2020,3,19,pm,1,5,user2,SCM애도음되는?
2020,3,19,pm,1,5,user2,시뮬툴을 만들어서 아두이노에 얹을까?
2020,3,19,pm,1,7,user1,ㅋㅋㅋㅋㅋㅋㅋㅋ
2020,3,19,pm,1,7,user1,그걸
2020,3,19,pm,1,7,user1,좀따가서 얘기
2020,3,19,pm,1,7,user1,ㄱㄱ
2020,3,19,pm,1,8,user3,우린 캡스톤 아직 남일 ㅋㅋㅋㅋㅋㅋ
2020,3,19,pm,1,8,user3,뭐하지 캡스톤.....
2020,3,19,pm,2,54,user1,아
2020,3,19,pm,2,54,user1,개새끼
2020,3,19,pm,2,54,user1,유튜브 쳐 올리고
2020,3,19,pm,2,54,user1,들으라하네
2020,3,19,pm,2,54,user1,미리밀 쳐올리던가
2020,3,19,pm,2,54,user1,그럴거면
2020,3,19,pm,2,56,user1,4시반에 못갈듯 ㅋㅋㅋㅋㅋㅋㅋ
2020,3,19,pm,3,5,user3,그럼 어디서 보실
2020,3,19,pm,3,5,user3,나 근데 5시에 정정 그거 해야댐
2020,3,19,pm,3,5,user1,아 그러네
2020,3,19,pm,3,5,user1,그거 피방에서 하게?
2020,3,19,pm,3,6,user3,그냥 폰으로할까함
2020,3,19,pm,3,6,user2,ㅋㅋㅋㅋㅋㅋ
2020,3,19,pm,3,6,user2,제시간에 출석해야함??
2020,3,19,pm,3,7,user3,지금 토론방에 약 60명있는데 아주 조용함 중
2020,3,19,pm,3,7,user2,아 수업이 시작되긴한거에요?ㅋㅋㅋㅋㅋㅋㅋㅋㅋㅋ
2020,3,19,pm,3,7,user2,골때리네 성준좌
2020,3,19,pm,3,8,user3,ㅋㅋㅋㅋㅋㅋㅋㅋ일단 유튜브 보라는데 보고는있는데 ㅋㅋㅋㅋㅋ
2020,3,19,pm,3,8,user3,뭘말해야하지
2020,3,19,pm,3,8,user1,토론 해야
2020,3,19,pm,3,8,user1,출석인정인데
2020,3,19,pm,3,8,user1,다들 눈치보는중
2020,3,19,pm,3,8,user1,첫빠따
2020,3,19,pm,3,19,user1,그럼 5시 45분까지 한대앞역 카페 ㄱ?
2020,3,19,pm,3,20,user3,한대앞 넘나 귀찮
2020,3,19,pm,3,20,user3,알겠으
2020,3,19,pm,3,20,user2,ㅋㅋㅋㅋㅋㅋㅋㅋㅋㅋㅋ
2020,3,19,pm,3,20,user1,세아 ㄱㅊ?
2020,3,19,pm,3,20,user2,오빠지금어디ㅣㄴ뎅?
2020,3,19,pm,3,20,user1,집
2020,3,19,pm,3,21,user3,난 카페용
2020,3,19,pm,3,21,user2,ㅋㅋㅋㅋㅋㅋㅋㅋㅁㅊ개멀어
2020,3,19,pm,3,21,user2,성훈오빤 어디카페에여?
2020,3,19,pm,3,21,user3,룽고
2020,3,19,pm,3,21,user3,그 황산 맞은편
2020,3,19,pm,3,21,user2,창범 한번 씨게 고생시킬까요?ㅎ
2020,3,19,pm,3,21,user3,ㅋㅋㅋㅋㅋㅋㅋㅋㅋㅋㅋㅋㅋㅋㅋㅋㅋㅋ
2020,3,19,pm,3,21,user2,갑자기 학교가고싶네
2020,3,19,pm,3,21,user3,세아 자취인가???
2020,3,19,pm,3,21,user2,ㅋㅋㅋㅋㅋㅋㅋㅋㅋㅋㅋㅋㅋㅋㅋㅋ네
2020,3,19,pm,3,21,user3,ㅋㅋㅋㅋㅋㅋㅋㅋㅋㅋㅋㅋㅋㅋㅋㅋㅋㅋㅋㅋㅋㅋ
2020,3,19,pm,3,21,user2,한대앞역근처에요
2020,3,19,pm,3,21,user3,아하 ㅋㅋㅋㅋㅋㅋ
2020,3,19,pm,3,21,user3,그냥 내가 한대앞으로 갈께
2020,3,19,pm,3,21,user3,2명 고생시키는건 오바다
2020,3,19,pm,3,22,user1,ㅋㅋㅋㅋㅋㅋㅋㅋㅋㅋㅋㅋㅋㅋㅋㅋ
2020,3,19,pm,3,22,user1,난 인덕원역임
2020,3,19,pm,3,22,user1,;;
2020,3,19,pm,3,22,user2,창범의 여정을 위해서라면 기꺼이~~학교 가지만
2020,3,19,pm,3,22,user2,ㅋㅋㅋㅋㅋㅋ
2020,3,19,pm,3,22,user1,이모티콘
2020,3,19,pm,3,22,user2,한번봐드림ㅋ
2020,3,19,pm,3,22,user2,이모티콘
2020,3,19,pm,3,22,user2,할리스 뭔가 개 질리는데
2020,3,19,pm,3,22,user2,엔제리너스가 폐업함
2020,3,19,pm,3,23,user2,ㄷㄷㄷㄷ
2020,3,19,pm,3,23,user3,엔제리너스 개노맛 롯데
2020,3,19,pm,3,23,user2,쌉ㅇㅈ합니다
2020,3,19,pm,3,23,user2,근데한대앞 역에서 가까운곳이...음...
2020,3,19,pm,3,23,user3,옛날에 롯데몰에서 일할 때 고통이었다 자꾸 매니저님이 엔제리너스 커피만 사줘
2020,3,19,pm,3,23,user2,ㅋㅋㅋㅋㅋㅋㅋㅋㅋㅋㅋㅋㅋㅋㅋㅋㅋㅋㅋㅋ
2020,3,19,pm,3,24,user2,엔제리너스 망한이유 순전히 원두qc 조져서
2020,3,19,pm,3,53,user1,아 지금 씻고 나가도 될거 같은데
2020,3,19,pm,3,55,user3,ㅋㅋㅋㅋㅋㅋ
2020,3,19,pm,3,55,user3,그럼 나 정정만하고 만나실???
2020,3,19,pm,3,55,user1,ㅇㅋ 나도 근데
2020,3,19,pm,3,55,user1,하긴 해야함
2020,3,19,pm,3,55,user1,폰으로
2020,3,19,pm,3,55,user1,하게
2020,3,19,pm,3,55,user1,최대한 빨리 갈게
2020,3,19,pm,3,55,user3,셔틀 10분꺼 타야되잖아
2020,3,19,pm,3,55,user3,나 여기서 한대앞 가려면
2020,3,19,pm,3,56,user1,20분꺼
2020,3,19,pm,3,56,user1,아님?
2020,3,19,pm,3,57,user3,나 셔틀콕에서 타잖아
2020,3,19,pm,3,57,user3,10분 40분 아님??
2020,3,19,pm,3,57,user3,아니구나
2020,3,19,pm,3,57,user3,휴아봇 개꿀
2020,3,19,pm,3,57,user3,5시 20분꺼 타고 나갈께
2020,3,19,pm,3,58,user1,ㅇㅋ
2020,3,19,pm,4,3,user1,5시30분 ㄱㄱ
2020,3,19,pm,4,3,user3,ㅇㅋ
2020,3,19,pm,4,17,user2,그럼저는 잽싸게 안과좀 다녀오겟읍미다
2020,3,19,pm,5,11,user1,님들 밥 머금?
2020,3,19,pm,5,12,user3,ㄴㄴ나근데 이따 지연이랑 먹을듯
2020,3,19,pm,5,12,user2,안과가..앙동에만있군..
2020,3,19,pm,5,12,user2,휴..
2020,3,19,pm,5,12,user1,ㄲㅂ
2020,3,19,pm,5,12,user1,나
2020,3,19,pm,5,12,user1,안약하나
2020,3,19,pm,5,12,user1,있음
2020,3,19,pm,5,12,user1,일회용
2020,3,19,pm,5,12,user2,나두
2020,3,19,pm,5,12,user1,아
2020,3,19,pm,5,12,user2,잇긴함
2020,3,19,pm,5,12,user2,ㅋㅋ
2020,3,19,pm,5,12,user2,ㅋㅋㅋㅋ
2020,3,19,pm,5,12,user1,ㄲㅂ
2020,3,19,pm,5,12,user2,이모티콘
2020,3,19,pm,5,13,user1,밥드셨나요 다들
2020,3,19,pm,5,13,user2,배고픈디
2020,3,19,pm,5,13,user2,오빠어디쯤임?
2020,3,19,pm,5,13,user1,금졍
2020,3,19,pm,5,13,user2,오홍..
2020,3,19,pm,5,15,user2,우리 길게안할거면 스벅가쟈.
2020,3,19,pm,5,15,user2,할리스 와이파이 쓸애깅.
2020,3,19,pm,5,16,user1,죠아
2020,3,19,pm,5,16,user1,한대앞 스벅 ㅇㄷ?
2020,3,19,pm,5,22,user2,ㄴ ㅔ
2020,3,19,pm,5,34,user1,ㅇㄷㅇㄷ
2020,3,19,pm,5,35,user3,나랑 세아는 스벅
2020,3,19,pm,5,35,user3,넌
2020,3,19,pm,5,35,user1,나
2020,3,19,pm,5,35,user1,역도착!!
2020,3,19,pm,5,35,user3,ㅇㅋ
2020,3,19,pm,5,37,user2,이모티콘
2020,3,19,pm,10,23,user1,사진
2020,3,19,pm,10,23,user1,브래드 보드 뭐 살까
2020,3,19,pm,10,58,user3,적당한거...
2020,3,19,pm,11,1,user1,이모티콘
2020,3,19,pm,11,26,user2,https://m.vitconshop.com/goods/view?no=1167
2020,3,19,pm,11,26,user2,혹시나 이런거 만들려면 음..
2020,3,19,pm,11,26,user2,넘크면안되려나?
2020,3,19,pm,11,27,user1,ㅋㅋㅋㅋㅋㅋㅋㅋㅋㅋㅋ
2020,3,19,pm,11,27,user1,아니일단
2020,3,19,pm,11,27,user1,브래드보드 빼고는 다 주문함
2020,3,19,pm,11,37,user3,ㅋㅋ16만 5천원좀 쎈데?
2020,3,20,am,12,15,user2,쟤네는 관리를 싹 해줘서 인건비가 비싸여 ㅋㅋㅋ
2020,3,20,am,2,34,user1,https://opentutorials.org/course/3347
2020,3,21,pm,8,17,user1,이 싸강을 보려면
2020,3,21,pm,8,17,user1,node.js랑 mysql에 대해 알아야하고
2020,3,21,pm,8,17,user2,ㅋㅋㅋㅋ마즘
2020,3,21,pm,8,17,user1,node.js를 알려면 html에 대해서
2020,3,21,pm,8,17,user1,먼저
2020,3,21,pm,8,17,user1,들으라네
2020,3,21,pm,8,17,user2,ㅋㅋㅋㅋㅋㅋㅋㅋㅋㅋㅋㅋㅋㅋㅋㅋㅋㅋㅋㅋㅋ
2020,3,21,pm,8,17,user1,처음으로
2020,3,21,pm,8,17,user2,그게그렇게됨??
2020,3,21,pm,8,17,user1,돌아감
2020,3,21,pm,8,17,user1,;;
2020,3,21,pm,8,17,user1,응응
2020,3,21,pm,8,18,user2,어케
2020,3,21,pm,8,18,user2,ㅋㅋㅋㅋㅋ
2020,3,21,pm,8,18,user2,재밋고 험난할텐데
2020,3,21,pm,8,18,user2,괜찮게써?
2020,3,21,pm,8,18,user1,사진
2020,3,21,pm,8,18,user1,;;
2020,3,21,pm,8,18,user2,ㅋㅋㅋㅋㅋㅋㅋㅋㅋㅋ
2020,3,21,pm,8,18,user2,멋사붙 해야겠네
2020,3,21,pm,8,18,user1,험난하겠다
2020,3,21,pm,8,18,user2,멋사 왜안해진짜?
2020,3,21,pm,8,18,user2,ㅋㅋㅋ
2020,3,21,pm,8,18,user1,미안
2020,3,21,pm,8,18,user2,멋사하자
2020,3,21,pm,8,18,user2,같이ㅏ자
2020,3,21,pm,8,18,user2,재밋서진짜
2020,3,21,pm,8,19,user1,멋사 너무 내 손이
2020,3,21,pm,8,19,user1,희생될거가탕
2020,3,21,pm,8,19,user2,글쎄..
2020,3,21,pm,8,19,user2,오빠손이희생되는
2020,3,21,pm,8,19,user2,주요이유는
2020,3,21,pm,8,19,user2,확모겠지
2020,3,21,pm,8,19,user2,ㅋㅋ
2020,3,21,pm,8,19,user2,ㅇㄱㄹㅇ
2020,3,21,pm,8,24,user1,ㅋㅋㅋㅋㅋㅋㅋㅋㅋ
2020,3,21,pm,8,24,user1,이미과제 다 끝냄
2020,3,21,pm,8,24,user1,아니 근데 이거
2020,3,21,pm,8,24,user1,다 어케함
2020,3,21,pm,8,24,user1,ㅋㅋㅋㅋㅋㅋㅋㅋㅋㅋㅋㅋㅋㅋㅋㅋㅋㅋ
2020,3,21,pm,8,24,user1,미쳤네
2020,3,21,pm,8,25,user1,https://blog.naver.com/hongsp7844/221402665487
2020,3,21,pm,8,26,user1,시발
2020,3,21,pm,8,26,user1,내가못할거같아?
2020,3,21,pm,8,26,user1,다뒤졌어
2020,3,21,pm,8,27,user2,ㅋㅋㅋㅋㅋㅋㅋㅋㅋㅋㅋㅋㅋㅋㅋㅋㅋㅋㅋㅋㅋㅋㅋㅋㅋㅋㅋㅋㅋㅋㅋㅋㅋㅋㅋㅋㅋㅋ
2020,3,21,pm,8,31,user1,사진
2020,3,21,pm,8,31,user1,딱 우리가 하려던거 임
2020,3,21,pm,8,31,user1,이미
2020,3,21,pm,8,31,user1,역시
2020,3,21,pm,8,34,user1,그냥 아두이노를 차가 지나갔다는 신호 역할로 주고
2020,3,21,pm,8,37,user3,토나온다
2020,3,21,pm,8,37,user3,확모도 해야하는데
2020,3,21,pm,8,39,user3,ㅋㅋㅋㅋㅋㅋ가는길이 너무 험난한데
2020,3,21,pm,8,39,user1,그 차량의 정보(차량번호
2020,3,21,pm,8,40,user1,그리고 그 기존모델이랑 개선모델을
2020,3,21,pm,8,40,user1,비교해서
2020,3,21,pm,8,40,user1,뭘 도출할 수 있을까
2020,3,21,pm,8,40,user1,차량은 계속 온다고 가정하고
2020,3,21,pm,8,40,user3,이미지인식을 아두이노로 대체하는거지?
2020,3,21,pm,8,40,user1,하루 출고량이 몇 퍼센트 증가했고
2020,3,21,pm,8,40,user3,아님 그냥 임의로 런 시키는거?
2020,3,21,pm,8,41,user1,고객 대응력 및 납기 신뢰도를 향상시킬 수 있다.. 이런식
2020,3,21,pm,8,41,user1,음
2020,3,21,pm,8,41,user1,이미지 인식도 하면 좋겠지만
2020,3,21,pm,8,41,user1,이건 잘 몰겠음
2020,3,21,pm,8,42,user3,출고량도 될수있고 아니면 시뮬레이션에서 같은 장소에있는 재고 출하할때 시간이랑 바꿨을때 출하시간 비교해도 되지않을까?
2020,3,21,pm,8,42,user1,맞아
2020,3,21,pm,8,42,user1,근데 결국
2020,3,21,pm,8,42,user1,출하량이 많다는 거는
2020,3,21,pm,8,42,user1,그 물류창고의 대응력이 높다는 거니깐
2020,3,21,pm,8,42,user3,그러면 출고량을하면 그날 전체를 계산을해야하는데
2020,3,21,pm,8,43,user1,그건 시뮬로 쉽게 가능
2020,3,21,pm,8,43,user1,ㅋㅋ
2020,3,21,pm,8,43,user3,ㅇㅎㅋㅋ그럼 그럽시다
2020,3,21,pm,8,43,user3,시린이라;;;
2020,3,21,pm,8,43,user1,이런 시스템이 음
2020,3,21,pm,8,43,user1,직접
2020,3,21,pm,8,43,user1,시뮬레이션 모델링해서
2020,3,21,pm,8,43,user1,시연까지 한다면
2020,3,21,pm,8,43,user1,결과도 도출하고
2020,3,21,pm,8,43,user1,그러면 그래도 괜찮지 않을까
2020,3,21,pm,8,43,user1,좀 더 좋은 아이디어 있으면 환영
2020,3,21,pm,8,44,user3,응응 어제 과제하면서 논문보는데 다 똑같은거로 논문 뒤지게많든데
2020,3,21,pm,8,44,user1,이것도 당근 output 수치에 포함 시키는게 날듯
2020,3,21,pm,8,44,user1,앙
2020,3,21,pm,8,44,user1,ㅇ아ㅖ
2020,3,21,pm,8,44,user1,아예
2020,3,21,pm,8,44,user1,같은거?
2020,3,21,pm,8,44,user1,보여주삼
2020,3,21,pm,8,44,user1,ㅋㅋㅋㅋ
2020,3,21,pm,8,44,user3,아니 우리꺼말고ㅋㅋ
2020,3,21,pm,8,44,user3,크로스도킹 때문에 찾아보다가
2020,3,21,pm,8,45,user3,다 똑같은 내용으로 다 써놨길래ㅋㅋ
2020,3,21,pm,8,45,user1,ㅋㅋㅋㅋㅋㅋㅋ
2020,3,21,pm,8,45,user1,그냥 좀
2020,3,21,pm,8,45,user1,그런 거시적
2020,3,21,pm,8,45,user1,정보를
2020,3,21,pm,8,45,user1,사례를 들어서
2020,3,21,pm,8,45,user1,시연까지 하는거니깐
2020,3,21,pm,8,45,user1,ㄱㅊ지 않을까
2020,3,21,pm,8,46,user1,할거개많다
2020,3,21,pm,8,47,user1,html
2020,3,21,pm,8,47,user1,ㅋㅋㅋㅋㅋㅋㅋㅋㅋㅋㅋㅋㅋㅋㅋㅋㅋㅋㅋㅋㅋㅋㅋㅋㅋㅋㅋㅋ
2020,3,21,pm,8,47,user1,시발
2020,3,21,pm,8,47,user3,그니까 아오 나 지금 과제도 개많은데ㅋㅋㅋㅋ
2020,3,21,pm,8,47,user1,근데 창고 상차하는곳이
2020,3,21,pm,8,47,user1,그
2020,3,21,pm,8,47,user1,입구 저 반대편에
2020,3,21,pm,8,47,user1,있는것도
2020,3,21,pm,8,47,user1,너무 억지같아
2020,3,21,pm,8,47,user1,ㅋㅋㅋㅋㅋㅋㅋㅋㅋㅋㅋㅋㅋㅋㅋㅋㅋㅋㅋㅋㅋ
2020,3,21,pm,8,48,user1,kpi가 잘 나오게 하기 위한
2020,3,21,pm,8,48,user1,억지 가정느낌
2020,3,21,pm,8,48,user3,그럼 게이트웨이를 좀 멀게하면 안되나??
2020,3,21,pm,8,48,user1,근까 보통 효율적으로 창고를
2020,3,21,pm,8,48,user1,창고 레이아웃을
2020,3,21,pm,8,48,user1,만들어놨으면
2020,3,21,pm,8,49,user1,게이트웨이에서 나오면 그 근처에 상차하는 곳이 있어야
2020,3,21,pm,8,49,user1,좀 정상적인거 아닌가??
2020,3,21,pm,8,49,user3,흠....
2020,3,21,pm,8,49,user1,아니면 창고가 여러 제품을 다루고 상차하는곳이 여러개 있는데
2020,3,21,pm,8,49,user1,어떤곳은 가까이 있고
2020,3,21,pm,8,49,user1,어떤곳은
2020,3,21,pm,8,49,user1,저 멀리 있다던가
2020,3,21,pm,8,49,user1,이러면
2020,3,21,pm,8,49,user1,말이 되는데
2020,3,21,pm,8,49,user3,ㅇㅇ보통 창고가그렇긴해
2020,3,21,pm,8,50,user3,품목별로 따로 창고를 만들긴해
2020,3,21,pm,8,50,user3,육군은ㅋㅋㅋ
2020,3,21,pm,8,50,user1,맞아
2020,3,21,pm,8,50,user1,걍 품목별로 나눠져있고
2020,3,21,pm,8,50,user2,ㅋㅋㅋㅋㅋㅋㅋㅋㅋㅋㅋㅋㅋㅋㅋㅋㅋㅋㅋ
2020,3,21,pm,8,50,user3,그래서 여러가지 수령할때 계속 차 다시대야댐
2020,3,21,pm,8,51,user1,상차 장소가 여러개 있다 라는
2020,3,21,pm,8,51,user1,가정이 더
2020,3,21,pm,8,51,user2,현실적으로 생각하면
2020,3,21,pm,8,51,user1,맞지 않을까
2020,3,21,pm,8,51,user2,우리셋이 나가 디지는게 젤 빠름
2020,3,21,pm,8,51,user2,어떄?좋지?
2020,3,21,pm,8,51,user1,그건 항상 맞지
2020,3,21,pm,8,51,user3,ㅋㅋㅋㅋ개슬프네
2020,3,21,pm,8,51,user1,근데 아이디어 자체는 괜찮은데
2020,3,21,pm,8,52,user1,우리가 너무 창고를 몰라서 그런가
2020,3,21,pm,8,52,user1,아니 내가
2020,3,21,pm,8,52,user2,다품종 소량생산에 맞춰서 이런 창고가 많이 생길 것 같다 하믄 대지
2020,3,21,pm,8,52,user2,아무리 크로스도킹이래도 어느정도 체제시간은 항상 있으수바께 업다
2020,3,21,pm,8,52,user2,ㅋㅋ
2020,3,21,pm,8,52,user2,글고 세부 레이어웃은 우리가 그렇게 정했다
2020,3,21,pm,8,52,user2,ㅋㅋㅋㅋㅋㅋㅋ
2020,3,21,pm,8,53,user2,우리 맴이다
2020,3,21,pm,8,53,user1,근까
2020,3,21,pm,8,53,user3,응응 근데 내가 다닌 창고들은 품목별로 나눠져있어
2020,3,21,pm,8,53,user1,말이 되게 정해야하지 않눙..
2020,3,21,pm,8,53,user1,그
2020,3,21,pm,8,53,user3,그걸 중점으로 가볼까
2020,3,21,pm,8,53,user2,창고1 품목1이에여?
2020,3,21,pm,8,53,user2,근데 쓰리디 프린터로 뽑으면
2020,3,21,pm,8,53,user1,창고1 품목 500 아님?
2020,3,21,pm,8,53,user1,ㅋㅋㅋㅋㅋㅋㅋ
2020,3,21,pm,8,53,user2,ㅇㅇ글케됨
2020,3,21,pm,8,53,user3,크기마다 다르긴한데
2020,3,21,pm,8,53,user1,그럼 트럭 1대에
2020,3,21,pm,8,53,user3,품목 많이 안들어감
2020,3,21,pm,8,54,user1,같은 제품만 담는걸로?
2020,3,21,pm,8,54,user3,큰 창고일수록 품목은 작아져
2020,3,21,pm,8,54,user3,적어져
2020,3,21,pm,8,54,user2,응응 근데
2020,3,21,pm,8,54,user2,모야 그
2020,3,21,pm,8,54,user2,3자물류
2020,3,21,pm,8,54,user2,이런것도 많이 생기고 있고
2020,3,21,pm,8,54,user2,한창고에 품목이 많아지는 경향이다 이거지 내말은
2020,3,21,pm,8,54,user2,ㅋㅋ
2020,3,21,pm,8,54,user3,ㅇㅎ
2020,3,21,pm,8,54,user2,미래지향적으로다가
2020,3,21,pm,8,54,user2,ㅋㅋㅋㅋㅋ
2020,3,21,pm,8,54,user2,ㅋㅋㅋㅋㅋㅋㅋㅋㅋㅋㅋㅋ
2020,3,21,pm,8,55,user3,ㅋㅋㅋㅋㅋ둘이 싸우고와 일단
2020,3,21,pm,8,55,user2,지금당장 껴맞추자면 말은 쪼끔 안될수 있으나
2020,3,21,pm,8,55,user2,ㅋㅋㅋㅋㅋ
2020,3,21,pm,8,55,user1,난 암것도 몰라서..
2020,3,21,pm,8,55,user1,ㅋㅋㅋㅋㅋㅋㅋㅋㅋㅋㅋㅋㅋㅋㅋㅋ
2020,3,21,pm,8,55,user1,그 결과값을 잘 나오게 하기 위해서
2020,3,21,pm,8,55,user1,적당한 야매는 필요하지만
2020,3,21,pm,8,56,user1,너무 야매가 딱 보기에도
2020,3,21,pm,8,56,user1,어이없으면
2020,3,21,pm,8,56,user1,좀 그렇다는거징
2020,3,21,pm,8,56,user1,ㅋㅋㅋ
2020,3,21,pm,8,56,user3,난 근데 우리가 앞으로의 미래를 위한걸 만드는거니까 세아꺼가 조금 더 부합하다생각하긴해
2020,3,21,pm,8,56,user1,세아얘기는
2020,3,21,pm,8,56,user1,한 창고에 여러 품목이 있고
2020,3,21,pm,8,57,user1,아 근데 나는
2020,3,21,pm,8,57,user1,상차 장소에 관한 거였어
2020,3,21,pm,8,57,user1,ㅋㅋㅋㅋㅋㅋㅋㅋㅋㅋㅋ
2020,3,21,pm,8,57,user3,아 맞네ㅋㅋㅋ
2020,3,21,pm,8,57,user1,게이트웨이에서 나왔을때
2020,3,21,pm,8,57,user2,맞아
2020,3,21,pm,8,57,user2,ㅋㅋㅋㅋㅋㅋㅋ
2020,3,21,pm,8,57,user1,누가 저 멀리
2020,3,21,pm,8,57,user1,상차장소를
2020,3,21,pm,8,57,user1,해놓냐
2020,3,21,pm,8,57,user1,뒤지게맞을려고
2020,3,21,pm,8,57,user3,누구야
2020,3,21,pm,8,57,user2,워워
2020,3,21,pm,8,57,user1,ㅈㅅ.
2020,3,21,pm,8,57,user1,그래서 상차 장소를
2020,3,21,pm,8,57,user2,누구하나 찌르겟네 ㅋㅋㅋㅋㅋㅋㅋㅋㅋㅋㅋㅋㅋㅋㅋㅋㅋㅋㅋㅋㅋㅋㅋㅋㅋㅋㅋ
2020,3,21,pm,8,57,user1,두개 정도?로 해놓고
2020,3,21,pm,8,57,user1,그 도크
2020,3,21,pm,8,58,user1,이제 하나는 좀 가까이 있고
2020,3,21,pm,8,58,user1,하나는 좀 멀리있다~
2020,3,21,pm,8,58,user1,이러면
2020,3,21,pm,8,58,user1,결과값도
2020,3,21,pm,8,58,user1,멀리있는것때문에
2020,3,21,pm,8,58,user1,ㄱㅊ게 나올거고
2020,3,21,pm,8,58,user1,적당한 가정이다
2020,3,21,pm,8,58,user1,이런 생각이었음
2020,3,21,pm,8,58,user1,그 나머지는 난 언급한적없어
2020,3,21,pm,8,58,user1,ㅋㅋㅋㅋ
2020,3,21,pm,8,59,user2,상차장소를 사방으로 하든지
2020,3,21,pm,8,59,user2,미래지향적으로다가
2020,3,21,pm,8,59,user2,품목이500갠데
2020,3,21,pm,8,59,user2,ㅋㅋ
2020,3,21,pm,8,59,user1,사방으로 하면
2020,3,21,pm,8,59,user1,모델링할때
2020,3,21,pm,8,59,user1,죽어
2020,3,21,pm,8,59,user2,필로티처럼
2020,3,21,pm,8,59,user2,주갖갸
2020,3,21,pm,8,59,user2,죽쟈
2020,3,21,pm,8,59,user2,여러번 이미 죽어봣자나
2020,3,21,pm,8,59,user1,정해줘 제발
2020,3,21,pm,8,59,user2,ㅋㅋㅋㅋㅋㅋㅋㅋㅋㅋㅋㅋㅋ
2020,3,21,pm,9,0,user2,아이구 골때려
2020,3,21,pm,9,0,user1,그 너무 사방으로 해버리면
2020,3,21,pm,9,0,user1,기존 모델과의 비교가 힘듬
2020,3,21,pm,9,0,user1,ㅋㅋㅋㅋ
2020,3,21,pm,9,1,user2,듦
2020,3,21,pm,9,1,user2,아아앗
2020,3,21,pm,9,1,user2,음
2020,3,21,pm,9,1,user1,뭔지알지
2020,3,21,pm,9,1,user1,우리해봣자나
2020,3,21,pm,9,1,user2,ㅇㅇ
2020,3,21,pm,9,1,user1,세아
2020,3,21,pm,9,1,user2,ㅇㅇ...
2020,3,21,pm,9,1,user2,그래서 말문이막힌것
2020,3,21,pm,9,1,user2,ㅋㅋ
2020,3,21,pm,9,1,user1,좀만 잘못 건드려도
2020,3,21,pm,9,1,user1,결과값
2020,3,21,pm,9,1,user2,시벌ㅋㅋㅋ
2020,3,21,pm,9,1,user1,개달라지고
2020,3,21,pm,9,1,user2,ㅋㅋㅋㅋㅋㅋㅋㅋㅋㅋㅋ
2020,3,21,pm,9,1,user1,의미가없어지고
2020,3,21,pm,9,1,user2,지금탐탐인데
2020,3,21,pm,9,1,user1,ㅋㅋㅋㅋㅋㅋㅋㅋㅋㅋㅋ
2020,3,21,pm,9,1,user2,아는맛이 무섭다고
2020,3,21,pm,9,1,user2,갈릭브레드 개먹고싶어
2020,3,21,pm,9,1,user1,ㅋㅋㅋㅋㅋㅋㅋㅋㅋㅋㅋㅋㅋㅋㅋㅋㅋㅋㅋㅋㅋㅋㅋㅋㅋㅋㅋㅋ
2020,3,21,pm,9,2,user1,그래서 우리 이거를 만들고
2020,3,21,pm,9,2,user1,학술제에도
2020,3,21,pm,9,2,user1,도전해봊
2020,3,21,pm,9,2,user1,보자
2020,3,21,pm,9,3,user1,결론은 할게 개많다 이거여
2020,3,21,pm,9,4,user1,아니면 우리가 만든거 좀만 수정해서
2020,3,21,pm,9,4,user1,하던지 ㅋㅋㅋ
2020,3,21,pm,9,4,user1,시뮬레이션 모델은
2020,3,21,pm,9,4,user1,경진대회 한걸로
2020,3,21,pm,9,4,user1,아니근데 왜 시뮬경진대회 결과가 안나옴
2020,3,21,pm,9,14,user2,엊그젠가 개빡쳤었는데 또 새롭게 빡취네
2020,3,21,pm,9,14,user2,낼모레 오전 11시 30분까지 안나오면 전화해야지
2020,3,21,pm,9,14,user2,우리 만든거 괜찮긴 하
2020,3,21,pm,9,14,user2,지않지않나?
2020,3,21,pm,9,18,user1,근데 3월 중순에 안나올수도 있다고 하긴함
2020,3,21,pm,9,18,user1,기다려보자 ...
2020,3,21,pm,9,18,user1,3월까지만
2020,3,21,pm,9,18,user2,우리 scm공모전
2020,3,21,pm,9,18,user2,다시
2020,3,21,pm,9,18,user2,이 논의의 시발점으로 돌아와보자면
2020,3,21,pm,9,18,user2,시뮬경진대회모델에서
2020,3,21,pm,9,18,user2,금액산출만
2020,3,21,pm,9,18,user2,일단해보까?
2020,3,21,pm,9,19,user1,금액보다는
2020,3,21,pm,9,19,user1,출고량 차이가 중요하지 않을까?
2020,3,21,pm,9,19,user1,출고량차이 도출 ->금액
2020,3,21,pm,9,19,user1,이런순서
2020,3,21,pm,9,20,user1,그리고 우리 모델에서도 뭔가 조금 수정하자 ㅋㅋㅋㅋ
2020,3,21,pm,9,21,user2,아 목적식 개념을 먼저 바꿔야되나?
2020,3,21,pm,9,21,user2,뭔가 조금 나도 수정하고 싶긴한데 뭘지가 생각이 안나니깐 일단 저거부터 하자구 햇던거엿슴ㅋㅋ
2020,3,21,pm,9,22,user2,지금 기존모델 뉴모델 해서.. 간섭횟수랑 .. 또 머 다르더라 .. 뭐가 더 나아진 구석이 머가 있지 않았어//???
2020,3,21,pm,9,22,user2,그걸 그럴듯한 원단위를 곱하면 끝 아녀?
2020,3,21,pm,9,22,user2,그정도얘기엿음나는 ㅋㅋ
2020,3,21,pm,9,23,user3,나는 전에꺼를 잘모르니까 애매하구만
2020,3,21,pm,9,23,user2,오빠 서류읽어보실래여?
2020,3,21,pm,9,23,user1,내가보냄ㄱㄷ
2020,3,21,pm,9,23,user2,한쪽요약문을 내가쓴거라
2020,3,21,pm,9,23,user2,ㅋㅋ약간자신있음ㅋㅋ
2020,3,21,pm,9,23,user2,ㅋㅋㅋㅋㅋㅋㅋㅋㅋㅋㅋㅋㅋ
2020,3,21,pm,9,23,user2,이모티콘
2020,3,21,pm,9,24,user3,ㅇㅋㅇㅋ나 일단 지금 내가 해야할일을 정리좀해야것어
2020,3,21,pm,9,24,user3,과제가 휘몰아친다
2020,3,21,pm,9,25,user1,ㅋㅋㅋㅋ 진짜 그럴듯한거 없으면 그냥 출고량 증가로 인해 ~ 한다 정도만 해도 ㄱㅊ을듯
2020,3,21,pm,9,25,user1,그
2020,3,21,pm,9,25,user3,이와중에 또 왔네
2020,3,21,pm,9,25,user1,확모 3/30일
2020,3,21,pm,9,25,user1,까지임ㅋㅋㅋ
2020,3,21,pm,9,25,user2,창범님
2020,3,21,pm,9,25,user2,저파일
2020,3,21,pm,9,25,user2,설마
2020,3,21,pm,9,25,user2,최종본임?
2020,3,21,pm,9,25,user2,제출저거임?
2020,3,21,pm,9,25,user3,나 과제들고있는거 안좋아해서 최대한 빨리끝낼라고
2020,3,21,pm,9,25,user1,너가 보낸 그대로임
2020,3,21,pm,9,25,user1,왱?
2020,3,21,pm,9,25,user2,ㅋ
2020,3,21,pm,9,25,user2,열자마자 오타찾음
2020,3,21,pm,9,25,user2,ㅋㅋㅋㅋㅋㅋ
2020,3,21,pm,9,25,user1,우리근데
2020,3,21,pm,9,26,user1,익명의 남성분이
2020,3,21,pm,9,26,user1,차량길이를
2020,3,21,pm,9,26,user1,안적어놓음
2020,3,21,pm,9,26,user2,아시발
2020,3,21,pm,9,26,user2,ㅋㅋㅋㅋㅋㅋㅋㅋㅋㅋㅋㅋㅋㅋㅋㅋㅋㅋㅋㅋㅋㅋㅋㅋㅋㅋㅋㅋㅋㅋㅋㅋㅋㅋㅋㅋㅋㅋㅋㅋㅋㅋㅋ
2020,3,21,pm,9,26,user1,방금알았네
2020,3,21,pm,9,26,user1,뭐 그냥 지난 일이니깐`
2020,3,21,pm,9,26,user1,시발
2020,3,21,pm,9,26,user1,;;
2020,3,21,pm,9,27,user2,머리말에도
2020,3,21,pm,9,27,user2,엔터쳐놔서
2020,3,21,pm,9,27,user2,ㅋㅋㅋㅋㅋㅋ
2020,3,21,pm,9,27,user2,문서첫줄이랑 머리말이 같이있넹
2020,3,21,pm,9,27,user1,맞아
2020,3,21,pm,9,27,user1,근데 뭐
2020,3,21,pm,9,27,user1,결과엔 영향안끼치겠지
2020,3,21,pm,9,27,user1,이건 끼칠듯
2020,3,21,pm,9,28,user1,시바!!!!!!!!!!!!!!!!!!!!!
2020,3,21,pm,9,29,user2,재밋당
2020,3,21,pm,9,29,user2,우리셋중에서도
2020,3,21,pm,9,29,user2,익명나오는거아냐 이러다가?
2020,3,21,pm,9,29,user2,ㅋㅋㅋㅋㅋㅋㅋㅋㅋㅋㅋㅋㅋㅋㅋㅋ
2020,3,21,pm,9,30,user1,ㅋㅋㅋㅋㅋㅋㅋㅋㅋㅋㅋㅋㅋㅋㅋㅋㅋㅋ
2020,3,21,pm,9,30,user1,이번 익명은 나다
2020,3,21,pm,9,30,user2,이모티콘
2020,3,21,pm,9,31,user1,아니 근데 진짜
2020,3,21,pm,9,31,user1,평타만 해도
2020,3,21,pm,9,31,user1,ㄱㅊ은데
2020,3,21,pm,9,31,user1,전설의 비율
2020,3,21,pm,9,31,user1,7:4:-1
2020,3,21,pm,10,13,user3,근데 이거 팀 내 지도교수는 필수라는데??
2020,3,21,pm,10,13,user1,항상 필수임ㅋㅋ
2020,3,21,pm,10,13,user1,병훈찡
2020,3,21,pm,10,13,user1,이나 종수찡
2020,3,21,pm,10,13,user1,다가능
2020,3,21,pm,10,21,user3,ㅋㅋㅋㅋㅇㅋ
2020,3,21,pm,10,21,user3,지금 컴퓨팅과 데이터처리 1주차 듣는데 재밌다
2020,3,21,pm,10,21,user3,파이썬을 다운받는 방법을 알려주셔!!!
2020,3,21,pm,10,22,user3,ㅋㅋㅋㅋㅋㅋㅋㅋㅋㅋㅋㅋㅋ
2020,3,21,pm,10,25,user3,창범쓰 확모과제 다시 ㅋㅋㅋㅋㅋㅋㅋㅋㅋㅋㅋ
2020,3,21,pm,10,26,user1,아시발
2020,3,21,pm,10,27,user1,몇번임?
2020,3,21,pm,10,27,user3,1 5 9 13 18 29 39
2020,3,21,pm,10,27,user1,뭐야 시발
2020,3,21,pm,10,28,user1,다 피해서
2020,3,21,pm,10,28,user1,내네
2020,3,21,pm,10,28,user3,ㅋㅋㅋㅋㅋㅋㅋㅋㅋ
2020,3,21,pm,10,28,user3,아예 다른거임???
2020,3,21,pm,10,28,user1,2 6 9 14
2020,3,21,pm,10,28,user1,였는데
2020,3,21,pm,10,28,user1,한문제겹치네
2020,3,21,pm,10,28,user1,시발
2020,3,21,pm,10,28,user3,ㅋㅋㅋㅋㅋㅋㅋ미쳤네
2020,3,21,pm,10,28,user3,월욜에 같이 하실????
2020,3,21,pm,10,28,user3,나 월욜에 끝낼라했는데
2020,3,21,pm,10,28,user1,난시발
2020,3,21,pm,10,28,user1,좆같아서
2020,3,21,pm,10,28,user1,안되겠음
2020,3,21,pm,10,29,user1,오늘끝내고잔다
2020,3,21,pm,10,29,user1,허선 미안하라고
2020,3,21,pm,10,29,user1,전에꺼
2020,3,21,pm,10,29,user1,한거까지 찍어줘야지
2020,3,21,pm,10,29,user3,ㅋㅋㅋㅋㅋㅋㅋ나 책 아직안사서 월욜에하고 낼라고
2020,3,21,pm,10,30,user2,창범 흑화했넹
2020,3,21,pm,10,30,user2,ㅋㅋㅋ
2020,3,26,pm,3,45,user3,https://science.ytn.co.kr/program/program_view.php?s_mcd=1214&s_hcd=&key=201804241006401864
2020,3,26,pm,3,45,user3,세아씨 한번 이거 보시라요
2020,3,26,pm,3,45,user1,ㅋㅋㅋㅋㅋ
2020,3,26,pm,3,45,user1,물류경영 수업 듣다가
2020,3,26,pm,3,45,user1,깜놀했네
2020,3,26,pm,3,46,user1,차량이 출입 게이트웨이를 통과할 때 트럭 식별장치 인식을 통해 해당 차량이 로딩해야할 컨테이너 정보들을 실시간으로 전송한 후 크레인은 그때부터 전송받은 컨테이너 정보들을 확인 후 컨테이너 반출 작업을 실행한다. -> iot기술을 활용한  Real time 컨테이너 관리 가능
2020,3,26,pm,3,46,user1,내용이 이거임
2020,3,26,pm,3,46,user1,ㅋㅋㅋ
2020,3,26,pm,3,46,user1,우리랑 거의 같다
2020,3,26,pm,3,50,user2,ㅋㅋㅋㅋㅋㅋㅋ
2020,3,26,pm,3,50,user2,그러면 저거 원가절감할 아이디어만 내면
2020,3,26,pm,3,50,user2,일리가 있단 얘기가 되겠군
2020,3,26,pm,3,51,user1,ㄱㅋㅋㅋㄲㅋㄱ
2020,3,26,pm,3,51,user3,홀리
2020,3,26,pm,3,51,user3,답을 찾아주셨다
2020,3,26,pm,3,51,user3,ㅋㅋㅋㅋㅋㅋㅋㅋㅋㅋㅋㅋ
2020,3,26,pm,3,51,user3,갓세아
2020,3,26,pm,3,52,user1,이모티콘
2020,3,26,pm,3,53,user1,다음 만남은 언제인가용
2020,3,26,pm,4,4,user2,아두이노정도면 충분히 저렴쓰하지않나
2020,3,26,pm,4,4,user2,스마트 컨테이너 .. 이런식으로
2020,3,26,pm,4,5,user2,만들까?
2020,3,26,pm,4,5,user2,ㅋㅋㅋㅋㅋㅋㅋㅋㅋㅋㅋㅋㅋㅋㅋㅋㅋㅋㅋㅋ
2020,3,26,pm,4,5,user1,??????
2020,3,26,pm,4,7,user2,저 솔루션의 도입효과만 씨뮬로 제시할까?
2020,3,26,pm,4,7,user2,일단 실물 만들지말구??
2020,3,26,pm,4,7,user2,다음만남은 일욜 어떠하신지요 다들
2020,3,26,pm,4,8,user1,좋은거가틈
2020,3,26,pm,4,8,user1,일욜도 좋은거같음
2020,3,26,pm,4,9,user2,컨테이너에 전부 아두이노 달자구 해서 캡스톤 하고싶다
2020,3,26,pm,4,10,user1,ㅋㅋㅋㅋㅋ
2020,3,26,pm,4,10,user1,ㅁㅊㅋㅋㅋㅋㅋㅋㅋㅋㅋㅋㅋㅋㅋㅋ
2020,3,26,pm,4,10,user3,일욜 접수
2020,3,26,pm,4,10,user2,킥킥
2020,3,26,pm,4,10,user2,왜우서 진심인걸^^
2020,3,26,pm,4,12,user2,일욜몇시에
2020,3,26,pm,4,12,user2,볼까요
2020,3,26,pm,4,12,user2,이료일에 1차격파 해볼까요
2020,3,26,pm,4,12,user1,1시 어때
2020,3,26,pm,4,13,user2,조아
2020,3,26,pm,4,13,user2,(일단 좋아요를 박는편)
2020,3,26,pm,4,13,user1,언제나 격파 당하는건 우리였지..
2020,3,26,pm,4,13,user2,ㅋㅋㅋㅋㅋㅋㅋㅋㅋㅋㅋㅋㅋㅋㅋㅋㅋㅋㅋㅋ
2020,3,26,pm,4,14,user2,이모티콘
2020,3,26,pm,4,16,user3,ㅋㅋ나 서울에서 올텐데
2020,3,26,pm,4,16,user3,조금만 늦출수있을까요
2020,3,26,pm,4,16,user1,헐
2020,3,26,pm,4,16,user1,서울이누
2020,3,26,pm,4,16,user1,2시 ㄱ?
2020,3,26,pm,4,16,user3,넵ㅎㅎ
2020,3,26,pm,4,16,user1,좋습니다..!
2020,3,26,pm,4,16,user1,땅땅땅
2020,3,26,pm,4,26,user2,인덕원ㄱ?
2020,3,26,pm,4,26,user3,갑분인???
2020,3,26,pm,4,26,user2,오빠 서울서 뭐타구 와요?
2020,3,26,pm,4,26,user2,3102면안산서 뵙져
2020,3,26,pm,4,26,user2,ㅋㅋㅋㅋㅋㅋㅋㅋ
2020,3,26,pm,4,29,user3,저 지하철이니 아무대나 상관없어
2020,3,26,pm,4,29,user2,그러면
2020,3,26,pm,4,29,user2,인덕원가서
2020,3,26,pm,4,30,user2,으
2020,3,26,pm,4,30,user2,음
2020,3,26,pm,4,30,user2,아닌가
2020,3,26,pm,4,30,user2,성훈오빠어차피 안산복귀해야대져
2020,3,26,pm,4,30,user2,ㅋㅋㅋㅋㅋㅋㅋㅋㅋㅋㅋ
2020,3,26,pm,4,33,user3,그렇지요 ㅋㅋㅋㅋ
2020,3,26,pm,4,33,user3,그냥 둘이 편한대로혀 글로갈께
2020,3,26,pm,4,36,user1,간만에 인덕원ㄱㄱ!
2020,3,26,pm,4,37,user3,ㅇㅋㅇㅋ세아 괜찮아??
2020,3,26,pm,4,45,user2,넹ㅋㅋㅋ
2020,3,26,pm,4,45,user2,감자탕각인데..
2020,3,26,pm,4,46,user3,ㅋㅋㅋㅋㅋㅋ의식의 흐름 뭔데
2020,3,26,pm,5,40,user2,인덕원에 짱유명한 로컬맛집 이써여
2020,3,26,pm,9,0,user1,ㅋㅋㅋㅋ
2020,3,26,pm,9,0,user1,어딘데?
2020,3,26,pm,9,0,user2,??
2020,3,26,pm,9,0,user2,옛골ㅋㅋㅋㅋㅋ
2020,3,26,pm,9,0,user2,ㅇㅓ디긴~~~~`
2020,3,26,pm,9,4,user1,이모티콘
2020,3,27,pm,5,20,user2,성훈오빠
2020,3,27,pm,5,21,user2,ㅋㅋㅋㅋ지금
2020,3,27,pm,5,21,user2,서류심사중인데
2020,3,27,pm,5,21,user2,킥킥
2020,3,27,pm,5,21,user3,ㅅㅂ
2020,3,27,pm,5,21,user3,ㅋㅋㅋㅋㅋ
2020,3,27,pm,5,21,user2,ㅋㅋㅋㅋㅋㅋㅋㅋㅋㅋ
2020,3,27,pm,5,21,user3,내가 너때문에 넣기싫었어
2020,3,27,pm,5,21,user3,젠장
2020,3,27,pm,5,21,user2,ㅋㅋㅋㅋㅋㅋㅋㅋㅋㅋㅋㅋㅋㅋㅋㅋㅋㅋㅋㅋㅋㅋㅋㅋㅋㅋㅋㅋㅋㅋㅋㅋㅋㅋㅋㅋㅋㅋㅋㅋ
2020,3,27,pm,5,21,user3,개쪽팔린다
2020,3,27,pm,5,21,user3,왜 너가읽냐
2020,3,27,pm,5,21,user2,붙여는 줄수도 잇자너
2020,3,27,pm,5,21,user2,ㅋㅋㅋㅋㅋㅋㅋㅋㅋㅋㅋㅋㅋ
2020,3,27,pm,5,21,user3,딴사람도 있을꺼아냐ㅠㅠㅠㅠ
2020,3,27,pm,5,21,user2,이모티콘
2020,3,27,pm,5,22,user2,모두가 전부 한번씩은 읽어여
2020,3,27,pm,5,22,user2,근데 지인이면 알아서 평가 안하기루 합의함
2020,3,27,pm,5,22,user3,ㅇㅎ그럼 너가 읽을필요도없는데 왜읽어!!!
2020,3,27,pm,5,23,user2,이모티콘
2020,3,27,pm,5,23,user2,오빠 1년잘할수잇죠?
2020,3,27,pm,5,23,user2,취준한다구 탈주안할거져?
2020,3,27,pm,5,24,user3,방계약이 내년 6월까지다ㅋㅋㅋ
2020,3,27,pm,5,24,user3,어디못가ㅋㅋㅋ
2020,3,27,pm,5,24,user3,2년계약이라
2020,3,27,pm,5,25,user2,ㅋㅋㅋㅋㅋㅋㅋㅋㅋㅋㅋㅋㅋㅋㅋㅋ
2020,3,27,pm,5,25,user1,ㅋㅋㅋㅋㅋㅋㅋㅋㅋㅋㅋㅋㅋㅋㅋㅋㅋㅋㅋㅋㅋㅋㅋㅋㅋㅋㅋ
2020,3,27,pm,5,26,user1,개웃기네
2020,3,27,pm,5,26,user3,ㄹㅇ수치스럽다...
2020,3,27,pm,5,27,user1,ㅋㅋㅋㅋㅋㅋㅋㅋ
2020,3,27,pm,5,29,user2,우리 경진대회 냈던 모델을 이거를 반영할수있는 모델로 디벨롭해볼까?
2020,3,27,pm,5,30,user3,경진대회 모델이 뭐라했지?
2020,3,27,pm,5,32,user1,이게 제일 시간투자를 덜 할거같긴 해!
2020,3,27,pm,5,33,user1,하루 출고량 차이
2020,3,27,pm,5,34,user1,basic model 에다가 그 기능을 추가한걸 비교하던지
2020,3,27,pm,5,35,user1,하면 ㄱㅊ을듯..헤헿
2020,3,27,pm,5,38,user2,알게써
2020,3,27,pm,5,38,user2,창고에서 찾아오는 시간이 소요되게 하면 되겠지?
2020,3,27,pm,5,39,user1,ㅇㅈ..
2020,3,27,pm,5,39,user1,근데 그거수정하려면
2020,3,27,pm,5,39,user1,또
2020,3,27,pm,5,39,user1,기업판
2020,3,27,pm,5,39,user2,아미친
2020,3,27,pm,5,39,user1,필요ㅋㅋ
2020,3,27,pm,5,39,user2,아미친ㅋㅋ
2020,3,27,pm,5,39,user2,안해 ㅋㅋㅋㅋㅋㅋㅋㅋㅋㅋㅋㅋㅋㅋㅋㅋㅋ
2020,3,27,pm,5,39,user1,ㅋㅋㅋ또민욱ㅅㅂ
2020,3,27,pm,5,39,user1,걍 일욜날
2020,3,27,pm,5,40,user1,학ㅈ교서볼까???
2020,3,27,pm,5,40,user2,그래야댈듯
2020,3,27,pm,5,40,user2,ㅎ ㅏ
2020,3,27,pm,5,40,user1,기업판
2020,3,27,pm,5,40,user3,ㅋㅋㅋㅋㅋㅋㅋㅋ난 좋아
2020,3,27,pm,5,40,user1,라이센스 받아야하네
2020,3,27,pm,5,40,user1,ㅈ같네...
2020,3,27,pm,5,40,user2,이모티콘 벌써피곤
2020,3,27,pm,5,40,user1,그래도 우리 모델 만들어놔서 넘좋다
2020,3,27,pm,5,40,user1,ㅋㅋㅋㅋㅋㅋㅋㅋㅋㅋㅋㅋㅋㅋㅋㅋㅋㅋㅋㅋㅋㅋㅋㅋㅋㅋㅋㅋㅋㅋ
2020,3,27,pm,5,40,user2,우려먹을 생각에 짜릿해
2020,3,27,pm,5,40,user1,근데 그럼 modelentity에서
2020,3,27,pm,5,40,user1,vehicle로 바꿔야하나..
2020,3,27,pm,5,41,user2,에엥 음..
2020,3,27,pm,5,41,user2,아니
2020,3,27,pm,5,41,user1,좀 대규모 공사 각이긴한데
2020,3,27,pm,5,41,user2,글케안해두
2020,3,27,pm,5,41,user2,댈거같기두
2020,3,27,pm,5,41,user1,그냥 모션만
2020,3,27,pm,5,41,user1,보여주고
2020,3,27,pm,5,41,user1,그 다 옮기면
2020,3,27,pm,5,41,user1,이벤트 일으켜서
2020,3,27,pm,5,41,user1,차량 가게 하면 되나?
2020,3,27,pm,5,41,user1,오 나 시미오 좀 잘하는듯
2020,3,27,pm,5,41,user1,빨리 말해줘 세아
2020,3,27,pm,5,42,user3,ㅋㅋ오 하나도 못알듣겠어
2020,3,27,pm,5,42,user3,시알못은 웁니다
2020,3,27,pm,5,43,user1,오
2020,3,27,pm,5,43,user1,그럴수있어
2020,3,27,pm,5,43,user1,2학기에 시뮬듣고
2020,3,27,pm,5,43,user1,괴물이 되보자!!
2020,3,27,pm,5,43,user1,동민이도 없는마당에ㅣㅣㅣ
2020,3,27,pm,6,22,user2,ㅇㅇ 그냥 딜레이 걸어도 될거같고 작업자혹은 지게차 움직이는거 보이게 워커 씨즈허는거 생각하기두 했음
2020,3,27,pm,7,33,user1,Wait이라고 어떤 이벤트가 발생할때까지 기다리게하는 스텝
2020,3,27,pm,7,33,user1,쓰면될듯
2020,3,27,pm,7,44,user2,오.. 되게 오류 2억번 뜰거같은데..~~
2020,3,27,pm,7,59,user1,이모티콘
2020,3,27,pm,9,14,user2,ㅁㅊ 이런겅
2020,3,27,pm,9,15,user2,돈주고사는거임??
2020,3,27,pm,9,17,user1,제인이가
2020,3,27,pm,9,18,user1,생일때줌
2020,3,28,pm,4,27,user3,낼 학교에서 보는거?
2020,3,28,pm,4,33,user1,ㅇㅋㅇㄱ
2020,3,28,pm,4,34,user3,2시까지 가려면 12시에나와야되네
2020,3,28,pm,6,33,user1,이모티콘
2020,3,28,pm,6,33,user2,아..아찔해..~
2020,3,29,am,1,49,user1,2시셔틀이므로
2020,3,29,am,1,49,user1,2시15분ㄱ
2020,3,29,am,1,50,user2,예??
2020,3,29,am,1,50,user2,2시에 한대앞에 오는셔틀이란말 아녀?
2020,3,29,am,1,50,user2,아마 다같이 탈듯?
2020,3,29,am,1,50,user2,ㅋㅋㅋ
2020,3,29,am,1,50,user1,아그러네
2020,3,29,am,1,50,user1,몽춍이
2020,3,29,am,1,50,user1,ㅜ
2020,3,29,am,1,54,user3,ㅋㅋㅋㅋㅇㅋㅇㅋ
2020,3,29,pm,1,31,user1,ㅇㄷㅇㄷ
2020,3,29,pm,1,40,user3,금정
2020,3,29,pm,1,40,user1,헐
2020,3,29,pm,1,40,user1,나랑같은지하철이네
2020,3,29,pm,1,40,user3,너두?
2020,3,29,pm,1,40,user3,ㅋㅋㅋㅋㅋㅋ
2020,3,29,pm,1,40,user3,어딨누
2020,3,29,pm,1,40,user1,여기가 어디지
2020,3,29,pm,1,40,user3,내려서봐ㅋㅋㅋ
2020,3,29,pm,1,41,user3,일어나기 귀찮아
2020,3,29,pm,1,41,user1,ㅇㅋㅇㅋ
2020,3,29,pm,1,41,user1,그
2020,3,29,pm,1,41,user1,내리자마자
2020,3,29,pm,1,41,user1,뛰어야함
2020,3,29,pm,1,41,user1,2시셔틀
2020,3,29,pm,1,41,user1,간당
2020,3,29,pm,1,41,user1,간당
2020,3,29,pm,1,43,user3,ㅇㅋㅇㅋ
2020,3,29,pm,1,52,user1,세아ㅇㄷ
2020,3,29,pm,1,55,user2,ㅋㅋㅋㅋㅋ
2020,3,29,pm,1,55,user2,ㄸㅇㄱ
2020,3,29,pm,1,57,user1,????
2020,3,29,pm,1,57,user2,ㅋㅋㅋㅋ
2020,3,29,pm,1,57,user2,이모티콘
2020,3,29,pm,1,57,user1,2시셔틀 위험한데
2020,3,29,pm,2,19,user3,어디니 얘들아
2020,3,29,pm,4,41,user2,사진
2020,3,29,pm,5,33,user2,이모티콘
2020,3,29,pm,5,34,user2,이모티콘
2020,3,29,pm,5,34,user1,??
2020,3,29,pm,5,34,user1,이모티콘
2020,3,29,pm,5,34,user2,성훈오빠한테 추천해줘써
2020,3,30,pm,10,27,user1,사진 3장
2020,3,30,pm,10,27,user1,이고잉 씨의 띵언을 읽어보시죳
2020,3,30,pm,10,31,user3,배터리 8퍼네 충전해
2020,3,30,pm,10,31,user1,ㅇㅋ..
2020,3,30,pm,10,31,user1,ㅜ
2020,3,30,pm,10,39,user1,이고잉씨
2020,3,30,pm,10,39,user1,생활코딩 만든사람임ㅡㅡ
2020,3,31,am,3,42,user2,띵언이구료
2020,3,31,am,9,19,user1,아침9시 실시간 수업 ㅈ같당
2020,3,31,pm,12,42,user2,고것도
2020,3,31,pm,12,42,user2,띵언이구료
2020,4,2,pm,12,56,user1,언제보실?
2020,4,2,pm,1,25,user3,월??
2020,4,2,pm,1,25,user1,세아 알바 언제했었지
2020,4,2,pm,4,38,user2,어음
2020,4,2,pm,4,38,user2,담주일정이 아직안나오ㅓ꾸
2020,4,2,pm,4,38,user2,내일 5시퇴근
2020,4,2,pm,4,39,user2,아님 일 낮도 괜찬음
2020,4,2,pm,4,39,user2,토안댐
2020,4,2,pm,4,40,user3,나 일욜 타투....
2020,4,2,pm,4,40,user2,아대박
2020,4,2,pm,4,40,user2,일타투면 월에 음.. 일상생활 가능하긴하져??
2020,4,2,pm,4,41,user3,그럼 당연하지 ㅋㅋㅋㅋㅋ
2020,4,2,pm,4,41,user2,머리쓰는일 했다가 피 몰리는거아님?
2020,4,2,pm,4,41,user3,아냐 ㅋㅋㅋㅋㅋㅋ괜찮아
2020,4,2,pm,4,41,user1,ㅋㅋㅋㅋㅋㅋㅋㅋㅋㅋㅋㅋㅋㅋㅋㅋㅋㅋㅋㅋ
2020,4,2,pm,4,41,user1,세아개웃기네
2020,4,2,pm,4,41,user1,워룔
2020,4,2,pm,4,41,user1,ㄱㄱ
2020,4,2,pm,4,41,user1,아니근데
2020,4,2,pm,4,41,user1,김성준교수님
2020,4,2,pm,4,41,user1,ㄹ
2020,4,2,pm,4,41,user1,ㄹㅇ
2020,4,2,pm,4,41,user3,그럼 담주 스케쥴 나오면 말해줘 ㅋㅋㅋㅋㅋㅋㅋ난 거의 시간 다 비어있으니까
2020,4,2,pm,4,41,user1,ppt읽어주는 남자임
2020,4,2,pm,4,41,user3,그니까 ㅋㅋㅋㅋㅋㅋ
2020,4,2,pm,4,41,user1,월욜 됩니당
2020,4,2,pm,4,41,user1,ㅋㅋㅋㅋㅋㅋㅋㅋ
2020,4,2,pm,4,43,user2,The reader..
2020,4,2,pm,4,43,user2,Not Leader..
2020,4,2,pm,4,44,user2,으오늘 새카페 첨갔는데 개얼탔움
2020,4,2,pm,4,44,user2,CPU속도제한걸린거마냥
2020,4,2,pm,4,44,user2,그러고왔움
2020,4,2,pm,4,44,user3,ㅋㅋㅋㅋㅋㅋㅋㅋㅋㅋㅋㅋㅋㅋㅋㅋㅋㅋㅋㅋ
2020,4,2,pm,4,44,user2,사장님이 나한테 공대같대
2020,4,2,pm,4,44,user2,이거 욕아니냐
2020,4,2,pm,4,44,user3,레시피 다시외워야겠네
2020,4,2,pm,4,44,user1,ㅋㅋㅋㅋㅋㅋㅋㅋㅋㅋㅋㅋ
2020,4,2,pm,4,44,user3,음.......
2020,4,2,pm,4,44,user1,왜 공대같앜ㅋㅋㅋㅋㅋ
2020,4,2,pm,4,44,user2,공대같아요는 진짜 욕아니냐구
2020,4,2,pm,4,44,user3,자랑스러워해라
2020,4,2,pm,4,44,user2,좋은생각이 1도안나는걸
2020,4,2,pm,4,45,user3,ㅋㅋㅋㅋㅋㅋㅋㅋㅋㅋㅋㅋㅋㅋㅋㅋㅋㅋㅋㅋ
2020,4,2,pm,4,45,user1,ㅋㅋㅋㅋㅋㅋㅋㅋㅋㅋㅋㅋㅋㅋ
2020,4,2,pm,4,45,user3,아냐 똑똑해 보인다일꺼야 ㅋㅋㅋㅋㅋㅋㅋㅋㅋ
2020,4,2,pm,4,45,user2,이모티콘
2020,4,3,pm,9,9,user2,카페관둿다 ㅋ
2020,4,3,pm,9,9,user2,월욜쌉가능ㅋ
2020,4,3,pm,9,10,user1,?
2020,4,3,pm,9,10,user1,와이
2020,4,3,pm,9,10,user2,사장이 ㅈ같이굴어서
2020,4,3,pm,9,10,user2,ㅎㅎ
2020,4,3,pm,9,11,user3,ㅋㅋㅋㅋㅋ개빠르네
2020,4,3,pm,9,11,user2,이틀 하고 빠른 손절 ..
2020,4,3,pm,9,12,user2,사장이.. 엄청 까탈스러운데 말로만 미안하다구 하는.. 당연한걸 왜묻냐는듯이 하대하는..스타일..
2020,4,3,pm,9,13,user1,흐흠.. .
2020,4,3,pm,9,15,user3,빠른손절 나이스
2020,4,3,pm,9,15,user2,월욜
2020,4,3,pm,9,15,user1,잘했어
2020,4,3,pm,9,15,user2,현타 씨게옴
2020,4,3,pm,9,16,user2,내가 시급받자고 이지랄 떨어야 하나
2020,4,3,pm,9,16,user1,ㅎㅇㅌ...
2020,4,3,pm,9,16,user2,이모티콘
2020,4,3,pm,9,16,user1,이모티콘
2020,4,5,pm,9,12,user2,성훈오빠 뒷목 살아있나요 ?
2020,4,5,pm,9,13,user3,네 그럼요ㅋㅋㅋㅋ
2020,4,5,pm,9,13,user3,문제는 못누워요
2020,4,5,pm,9,13,user2,엌ㅋㅋㅋㅋㅋㅋㅋㅋㅋㅋ
2020,4,5,pm,9,13,user3,큰일이네ㅋㅋㅋㅋㅋㅋ
2020,4,5,pm,9,13,user2,뭐그렸어요???
2020,4,5,pm,9,14,user3,사진
2020,4,5,pm,9,14,user3,이거요ㅋㅋㅋ
2020,4,5,pm,9,15,user1,ㅋㅋㅋㅋㅋㅋㅋ
2020,4,5,pm,9,15,user2,아 완전 목은아니네려
2020,4,5,pm,9,15,user2,진짜 못눕겠네..
2020,4,5,pm,9,15,user2,ㅋㅋㅋㅋㅋㅋㅋㅋㅋㅋㅋㅋㅋㅋㅋㅋ
2020,4,5,pm,9,16,user3,응 원래는 더 위였는데 좀더 내렸어
2020,4,5,pm,9,16,user3,큰일이다 어케 자냐ㅋㅋㅋ
2020,4,5,pm,9,16,user3,앉아서 자야되나
2020,4,5,pm,9,17,user2,ㅋㅋㅋㅋㅋㅋㅋㅋㅋㅋㅋ
2020,4,5,pm,9,17,user2,피곤햐서 우째..
2020,4,5,pm,9,19,user2,우리 화욜어때요..
2020,4,5,pm,9,21,user3,화욜 언제??
2020,4,5,pm,9,21,user2,암때나 가능해여 ㅋㅋㅋㅋ
2020,4,5,pm,9,24,user1,화욜은
2020,4,5,pm,9,24,user1,너무
2020,4,5,pm,9,24,user1,바빠
2020,4,5,pm,9,24,user1,ㅜ
2020,4,5,pm,9,24,user1,실시간수업이 너무마늠
2020,4,5,pm,9,24,user1,아침9시부터 쭉있어
2020,4,5,pm,9,25,user1,ㅠㅠㅠ
2020,4,5,pm,9,26,user3,난 화욜 실시간없
2020,4,5,pm,9,28,user1,난 수업만 9~ 3시까지
2020,4,5,pm,9,28,user1,거의 풀로있어
2020,4,5,pm,9,39,user2,내가 열일해갈테니까 4시에보면 안대?
2020,4,5,pm,9,40,user2,이모티콘
2020,4,5,pm,9,40,user2,알바관두고 멋사를 깜박하고있었어
2020,4,5,pm,9,40,user2,이모티콘
2020,4,5,pm,9,41,user2,이모티콘 엉엉엉
2020,4,5,pm,9,41,user3,난 상관은 없으ㅎㅎ
2020,4,5,pm,9,42,user3,아 나도 뭐있다
2020,4,5,pm,9,42,user3,잠깐만
2020,4,5,pm,9,42,user2,아악
2020,4,5,pm,9,48,user3,나 8시에 뭐 있어...
2020,4,5,pm,9,49,user2,내일은다들
2020,4,5,pm,9,49,user2,ㅏ무것두
2020,4,5,pm,9,49,user2,업는거에요?엉어엉ㅇ어어어어엉엉엉엉
2020,4,5,pm,9,55,user1,밤8시?
2020,4,5,pm,9,55,user1,화욜?
2020,4,5,pm,9,55,user1,월욜?
2020,4,5,pm,9,59,user1,내일 한시셔틀로 픽스!
2020,4,5,pm,10,5,user3,ㅋㅋㅋㅋㅋㅋ
2020,4,5,pm,10,5,user3,난 이미 학교
2020,4,5,pm,10,5,user1,형은 한시 15분까지!
2020,4,5,pm,10,5,user2,빡치는데 자전거라두 탈까?
2020,4,5,pm,10,5,user2,한대앞~학교앞
2020,4,5,pm,10,10,user3,너희들 편한대로 ㅋㅋㅋㅋ
2020,4,5,pm,10,13,user1,ㅋㅋㅋㅋㅋㅋㅋㅋㅋㅋㅋㅋㅋㅋㅋㅋㅋㅋㅋㅋㅋㅋㅋㅋㅋㅋㅋㅋㅋㅋㅋㅋㅋㅋㅋㅋㅋㅋㅋㅋㅋㅋㅋ
2020,4,5,pm,10,13,user1,유저2ㅏ 그렇게 속세를 벗어나고 싶었구나
2020,4,5,pm,10,15,user2,응..
2020,4,5,pm,10,15,user2,따릉이 처넌 소액결제해서 타구가자^^
2020,4,5,pm,11,0,user1,이모티콘
2020,4,6,am,12,23,user2,사진
2020,4,6,am,12,23,user2,유저2씨는 다운로드가 안되어서 슬퍼졌어요
2020,4,6,am,12,32,user1,?
2020,4,6,am,12,32,user2,ㄴㅐ일주셈
2020,4,6,am,12,32,user1,이모티콘
2020,4,6,am,1,38,user1,피피티
2020,4,6,am,1,38,user1,언제만들었냐
2020,4,6,am,1,38,user1,ㅎㄷㄷ
2020,4,6,am,1,40,user2,ㅋㅋㅋㅋㅋㅋㅋ
2020,4,6,am,1,40,user2,대충해밧음..
2020,4,6,am,1,42,user1,우리 모델 정교하게 만든것도
2020,4,6,am,1,42,user1,어필하는것도 좋은듯
2020,4,6,am,1,42,user1,캬하
2020,4,6,am,1,43,user1,실제 창고의 상황과 거의 비슷하게 만들었다
2020,4,6,am,1,43,user1,심지어 간섭까지ㄱ 구현
2020,4,6,am,1,47,user2,그냥 약간 당연하다는듯이 실제창고 구현 모습이랑 가정을 넣을라고
2020,4,6,am,1,47,user2,논문보면 걔네두 그렇게 해놨자너
2020,4,6,am,1,47,user2,뭔가 그런 바이브가 멋짐
2020,4,6,am,1,47,user2,ㅋㅋㅋㅋㅋㅋㅋㅋㅋ
2020,4,6,am,1,47,user1,맞아
2020,4,6,am,1,47,user1,당연하다는듯이 자랑해
2020,4,6,am,1,47,user2,ㅇㅇㅋㅋㅋㅋㅋㅋ
2020,4,6,am,1,47,user2,ㅋㅋㅋㅋㅋㅋㅋㅋㅋㅋㅋㅋㅋㅋ
2020,4,6,am,1,47,user3,ㅋㅋㅋㅋㅋㅋㅋㅋㅋ
2020,4,6,am,1,47,user1,개웃기네
2020,4,6,am,1,47,user3,별거 아니라는듯
2020,4,6,am,1,47,user1,ㅋㅋㅋ
2020,4,6,am,1,48,user3,ㅋㅋㅋㅋㅋㅋㅋㅋ
2020,4,6,am,1,48,user2,이거시.. 겸손의 대학생관점 해석인가
2020,4,6,am,1,48,user3,ㅋㅋㅋㅋㅋㅋ얘들아 큰문제가 생겼어
2020,4,6,am,1,48,user1,왓
2020,4,6,am,1,48,user2,안대여..시러요..
2020,4,6,am,1,48,user3,내가 눕질못한다는거야 아직
2020,4,6,am,1,48,user2,아아
2020,4,6,am,1,48,user2,엎드려도 아픈가???
2020,4,6,am,1,48,user2,ㅋㅋㅋㅋㅋㅋㅋㅋㅋㅋㅋㅋ
2020,4,6,am,1,48,user3,피부가 아직 잉크를 뱉어내고있어 ㅋㅋㅋㅋㅋㅋ
2020,4,6,am,1,48,user1,개아프겠다
2020,4,6,am,1,48,user2,새벽2시가 되도록 못잠들다니..
2020,4,6,am,1,49,user3,누울순있는데 잉크랑 진물나와서
2020,4,6,am,1,49,user2,진짜 잉크도안마른 작품이군여
2020,4,6,am,1,49,user3,내 이불을 버ㅗ려야해
2020,4,6,am,1,49,user2,랩같은거 없어여?
2020,4,6,am,1,49,user2,ㅋㅋㅋㅋㅋㅋㅋㅋㅋ
2020,4,6,am,1,49,user2,아 낼 구경하고싶은데 보기힘든위치에 있네여
2020,4,6,am,1,50,user2,백리스드레스라도 입어야 보이는..
2020,4,6,am,1,51,user1,ㅋㅋㅋㅁㅊㅋㅋㄱ
2020,4,6,am,1,52,user3,ㅋㅋㅋㅋㅋㅋㅋㅋㅋㅋㅋㅋㅋㅋㅋ일부러 이렇게했어 뿔만보이는것도 이상할 것같아서
2020,4,6,am,1,59,user2,이모티콘
2020,4,6,pm,12,0,user2,날씨 디지게ㅔ좋네여
2020,4,6,pm,12,5,user3,ㅋㅋㄲㅋ 공부하기 싫은 날이군
2020,4,6,pm,12,49,user1,졍세아ㅇㄷ
2020,4,6,pm,12,50,user1,응답
2020,4,6,pm,12,50,user1,성훈이형 상태
2020,4,6,pm,12,50,user1,ㄱㅊ음?
2020,4,6,pm,12,50,user3,ㅇㅇ괜차나ㅋㅋ
2020,4,6,pm,12,51,user1,민규전화오면 쳐내
2020,4,6,pm,12,51,user1,성훈이형
2020,4,6,pm,12,52,user3,왜ㅋㅋㅋㅋ
2020,4,6,pm,12,55,user1,ㅋㅋㅋㅋ어디냐고계속 물어봄
2020,4,6,pm,12,56,user2,오빠우리 택시타자^^
2020,4,6,pm,12,57,user1,이모티콘
2020,4,6,pm,1,2,user2,아아
2020,4,6,pm,1,2,user2,그는갓습니다
2020,4,6,pm,1,2,user2,아
2020,4,6,pm,1,2,user2,카드두고옴
2020,4,6,pm,1,2,user3,ㅋㅋㅋㅋ언제 만나냐
2020,4,6,pm,1,2,user2,아...................
2020,4,6,pm,1,3,user1,카드를 두고왔다고???
2020,4,6,pm,1,3,user1,ㄹㅇ
2020,4,6,pm,1,3,user2,계좌이체라이프 또 시작이다
2020,4,6,pm,1,3,user1,ㅋㅋㅋㅋㅋ
2020,4,6,pm,1,3,user1,@한성훈   15분ㄱ
2020,4,6,pm,1,7,user3,ㅇㅋ쪽문으로감
2020,4,6,pm,1,14,user1,ㅇㄷ
2020,4,6,pm,1,14,user2,성안고
2020,4,6,pm,1,14,user2,기사님이 열띠미 달리고있습니다
2020,4,6,pm,1,15,user3,창붐 넌?
2020,4,6,pm,1,16,user2,어디로가야되나
2020,4,6,pm,1,16,user2,플래닛또갈까여?
2020,4,6,pm,1,16,user3,ㄴㄴ
2020,4,6,pm,1,16,user3,42랩오셔
2020,4,6,pm,1,17,user2,열엇어요?
2020,4,6,pm,1,18,user2,아아아아아아 날씨디져어어어어
2020,4,6,pm,1,20,user3,가오픈이긴한데 괜찮아
2020,4,6,pm,1,21,user2,오
2020,4,6,pm,1,21,user2,사진
2020,4,6,pm,1,52,user3,지게차 64대와 토잉 트럭 16대(트롤리 32 set)이 필 요하고 상황에 따라 남는 운반 차량은 스페어(Spare) 로 분류해두는 것으로 제안하였다.
2020,4,6,pm,1,56,user1,토잉 트럭 1대 - 트롤리  2 set
2020,4,6,pm,6,23,user1,사진
2020,4,8,pm,6,31,user2,약간 뇌정지오는데
2020,4,8,pm,6,32,user2,디비의 어떤모습을 보여줘야 말이되려나
2020,4,8,pm,6,32,user2,모르겠넹
2020,4,8,pm,6,39,user3,차번호가 키값으로 있고 뒤에 오늘 수령할 물품들이 저장돼있는 DB있어야하고
2020,4,8,pm,6,39,user3,또 뭐였지
2020,4,8,pm,6,41,user2,사진
2020,4,8,pm,6,42,user2,클래스 하나가 테이블 하나라구 보면 되는뎅
2020,4,8,pm,6,42,user2,큐잉이 실시간으로 쓸 테이블ㅇㅣ고
2020,4,8,pm,6,42,user2,데이리스트가 성훈오빠가마란고
2020,4,8,pm,6,42,user2,말한고
2020,4,8,pm,6,43,user3,그거 정리해놓은거에 3개였었나 테이블이
2020,4,8,pm,6,43,user2,이거말고는 디비에 쓸거는 없는듯 ??
2020,4,8,pm,6,43,user2,다른것들은 씨미오에 있어요
2020,4,8,pm,6,43,user2,세개쯤 네
2020,4,8,pm,6,44,user3,응 디비로는 이게 끝인것같은데
2020,4,8,pm,6,44,user2,위치라던지 그런거
2020,4,8,pm,6,44,user2,는 씨미오에
2020,4,8,pm,6,44,user2,박혀있구
2020,4,8,pm,6,44,user3,ㅇㅎ 그렇구만
2020,4,8,pm,6,44,user2,실시간 쏘고 말고 할거는 디비에 있는데
2020,4,8,pm,6,44,user2,이게 다라면 이제 문제점이
2020,4,8,pm,6,44,user2,ㄷ비를 만들어봤자 있어보이지는 않네여 ㅋㅋㅋㅋㅋㅋㅋㅋㅋㅋㅋㅋㅋㅋ
2020,4,8,pm,6,44,user3,ㅋㅋㅋㅋㅋㅋㅋㅋㅋㅋㅋ
2020,4,8,pm,6,44,user2,사진
2020,4,8,pm,6,44,user2,머 이런식
2020,4,8,pm,6,45,user3,실시간으로 넘어가는걸 보여주면 좀 멋있을것같은데
2020,4,8,pm,6,45,user3,그러려면 어휴...
2020,4,8,pm,7,20,user1,그건 말만해줘아징..
2020,4,8,pm,7,20,user1,실시간으로 넘어가는거ㅜㅜ
2020,4,8,pm,7,21,user1,이모티콘
2020,4,8,pm,7,29,user2,하는중 ㅎ
2020,4,8,pm,7,41,user2,ㅋㅋㅋ미친 됐다
2020,4,8,pm,7,43,user2,됐단말입니다 여러분 ㅎ
2020,4,8,pm,7,49,user3,찬양 유저2
2020,4,8,pm,7,49,user3,너가 내 후배라니 그냥 선배해줘
2020,4,8,pm,7,59,user2,ㅋㅋㅋㅋㅋㅋㅋ 에이 이거야 모
2020,4,8,pm,7,59,user2,누구나.. 하는것..
2020,4,8,pm,8,7,user1,실시간으로 돼?
2020,4,8,pm,8,15,user2,음 머랄까
2020,4,8,pm,8,15,user2,새로고침을 누르면
2020,4,8,pm,8,15,user2,됨
2020,4,8,pm,8,15,user2,ㅋㅋㅋㅋㅋㅋㅋㅋㅋㅋㅋㅋㅋㅋㅋㅋㅋㅋ
2020,4,8,pm,8,15,user2,그왜 씨미오에서 패스트포워드 안누르면
2020,4,8,pm,8,15,user2,실시간이 되는것이구
2020,4,8,pm,8,16,user2,패스트포워드 누르면
2020,4,8,pm,8,16,user2,사진
2020,4,8,pm,8,16,user2,이런식으로 저장만 잘됨
2020,4,8,pm,8,17,user2,이제 또 분기점에 다다랐는데
2020,4,8,pm,8,17,user2,시연을 안할거면 웹에 띄우는건 아직 안해도 되는거 아녀?
2020,4,8,pm,8,18,user2,웹에 실시간으로 (새로고침 없이 )띄우는거부터는 내가 공부 안해본 분야라
2020,4,8,pm,8,18,user2,굳이 필요없으면 지금은 이거보다는 정리에 집중해야될거같아서
2020,4,8,pm,8,47,user1,맞는말같아
2020,4,8,pm,8,48,user1,정리가맞는듯ㅇㅇㅇ
2020,4,8,pm,8,48,user1,본선올라가면 그때 생각하고
2020,4,10,am,10,49,user1,몇욜되니
2020,4,10,am,10,49,user1,다들
2020,4,10,am,10,50,user1,난일욜빼고가능
2020,4,10,pm,1,3,user3,월??
2020,4,10,pm,1,4,user1,ㅅㅂ학기중에 하니깐
2020,4,10,pm,1,4,user1,너무버스타네 세아한테
2020,4,10,pm,1,4,user1,미안하다
2020,4,10,pm,1,4,user1,더열심히할게..
2020,4,10,pm,1,4,user1,이모티콘
2020,4,10,pm,1,58,user2,월도 ㄱㅊㄱㅊ
2020,4,10,pm,2,50,user1,ㅇㅋ
2020,4,10,pm,4,58,user1,일욜 되는걸로 바뀜
2020,4,10,pm,4,59,user1,일월둘다되용
2020,4,10,pm,5,22,user3,일욜 내가안댕ㅋㅋㅋ
2020,4,10,pm,5,27,user1,ㅇㅋ
2020,4,10,pm,5,42,user3,월욜까지 뭐 더 준비해갈거있을까
2020,4,10,pm,5,43,user1,세아 디비랑 시미오 연동한거
2020,4,10,pm,5,43,user1,코드주면 좀 공부해가겠음
2020,4,10,pm,7,46,user2,음.. 너무 별거없어서 ㅋㅋㅋㅋㅋㅋㅋㅋㅋ
2020,4,10,pm,7,47,user2,보고서작성만 열시미 하믄 대는데
2020,4,10,pm,7,47,user1,ㅋㅋㅋㅋㅋㅋ
2020,4,10,pm,7,47,user2,하핫
2020,4,10,pm,7,47,user1,궁금해서
2020,4,10,pm,7,47,user1,그래
2020,4,10,pm,7,47,user1,!
2020,4,10,pm,7,47,user1,유저2!
2020,4,10,pm,7,47,user2,ㅇㅅㅇ;;;
2020,4,10,pm,7,47,user1,안녕!
2020,4,10,pm,7,47,user3,ㅋㅋㅋㅋㅋㅋㅋㅋㅁㅈ
2020,4,10,pm,7,47,user2,이모티콘
2020,4,10,pm,7,47,user3,ㅁㅊ
2020,4,10,pm,7,47,user3,당황ㅋㅋㅋㅋㅋㅋ
2020,4,10,pm,7,47,user1,ㅋㅋㅋㅋㅋㅋㅋㅋㅋㅋㅋㅋㅋㅋㅋㅋㅋㅋㅋㅋㅋㅋㅋㅋ
2020,4,10,pm,7,48,user1,으아아앙
2020,4,10,pm,7,48,user2,아니 서류만빨리 쓰자거
2020,4,10,pm,7,48,user2,ㅋㅋㅋㅋㅋㅋㅋㅋㅋㅋㅋㅋㅋ
2020,4,10,pm,7,48,user2,울지말고.
2020,4,10,pm,7,48,user1,조하
2020,4,10,pm,7,48,user1,좋아
2020,4,10,pm,7,48,user2,내가 파일보냇엇으니 그걸로
2020,4,10,pm,7,48,user2,시간차이 얼마나대는지 뽑아서 보여줄만한것들을
2020,4,10,pm,7,48,user2,정리해주면
2020,4,10,pm,7,48,user2,디비자랑할게 뭐가잇는지를 내가해갈게
2020,4,10,pm,7,49,user1,너가 보낸 파일이
2020,4,10,pm,7,49,user1,그
2020,4,10,pm,7,49,user1,물품 위치 고려해서
2020,4,10,pm,7,49,user2,Zip
2020,4,10,pm,7,49,user2,Yes
2020,4,10,pm,7,49,user1,다 만들어논겨?
2020,4,10,pm,7,49,user1,내일 해볼라구
2020,4,10,pm,7,49,user2,웅웅
2020,4,10,pm,7,49,user2,물품위치 근데 먼가좀 가라임
2020,4,10,pm,7,49,user2,물품지정을
2020,4,10,pm,7,50,user2,도크진입때 함
2020,4,10,pm,7,50,user1,?????
2020,4,10,pm,7,50,user2,ㅋㅋㅋㅋㅋㅋㅋㅋㅋㅋㅋㅋㅋㅋㅋㅋㅋㅋㅋㅋㅋㅋㅋㅋㅋㅋㅋㅋㅋㅋㅋ
2020,4,10,pm,7,50,user2,근데 시간만 보기엔 문제업슴
2020,4,10,pm,7,50,user1,아하
2020,4,10,pm,7,50,user2,어차히 토잉트럭대수를 제약식으로 안둘거면
2020,4,10,pm,7,50,user2,ㅇㅇ
2020,4,10,pm,7,50,user1,좋아
2020,4,10,pm,7,50,user2,이모티콘
2020,4,10,pm,7,50,user1,성훈이형은
2020,4,10,pm,7,50,user1,참고문헌만
2020,4,10,pm,7,50,user1,좀
2020,4,10,pm,7,50,user1,찾아주면
2020,4,10,pm,7,51,user1,고맙겠
2020,4,10,pm,7,51,user1,이모티콘
2020,4,10,pm,7,51,user2,뭘 보여죠야 있어보일지를 금액적으로 머가잇지
2020,4,10,pm,7,52,user1,음
2020,4,10,pm,7,53,user1,직접적으로 돈으로 연관지을 꺼리는 딱히 없지 않아?
2020,4,10,pm,7,53,user1,동일한 분포와 시간으로 좀 빡시게 차량이 온다고 가정했을 때
2020,4,10,pm,7,54,user1,창고의 수용능력을
2020,4,10,pm,7,54,user1,보여주는게
2020,4,10,pm,7,54,user1,좋을 거 같은데
2020,4,10,pm,7,54,user2,으앙으앙
2020,4,10,pm,7,54,user2,ㅏㄹ게쒀
2020,4,10,pm,7,54,user1,뭔가 바로 돈으로 연결지을 만한게
2020,4,10,pm,7,54,user1,그냥 솔루션이 저렴하다
2020,4,10,pm,7,54,user1,밖에 없어
2020,4,10,pm,7,55,user1,서버 구축 비용과 번호판 인식 센서
2020,4,10,pm,7,55,user1,비용 정도의 상대적으로 저렴한 비용으로
2020,4,10,pm,7,55,user1,이 정도 창고 수용능력에서 이정도까지 상승시켰다
2020,4,10,pm,7,56,user1,이정도.......................
2020,4,10,pm,7,56,user1,으아몰람ㄴㅇ멘래버
2020,4,10,pm,7,56,user1,ㅂ
2020,4,10,pm,7,57,user3,ㅇㅋㅇㄲ
2020,4,11,am,2,25,user2,속보.. 유저2씨 할리스 다시 스카웃돼.. 월욜부터 다시 근무
2020,4,11,am,2,27,user3,월요일 할리스에서 모이는것으로 정정
2020,4,11,am,2,27,user2,5시퇴근이니 그쯤봅시당
2020,4,11,am,2,28,user3,넵
2020,4,11,pm,5,33,user1,아니
2020,4,11,pm,5,33,user1,이거
2020,4,11,pm,5,33,user1,말도안된다
2020,4,11,pm,5,34,user1,게이트웨이부터 로딩하면
2020,4,11,pm,5,34,user3,왜?
2020,4,11,pm,5,35,user1,아
2020,4,11,pm,5,35,user1,잠시만
2020,4,11,pm,5,35,user1,세아야 이거
2020,4,11,pm,5,36,user1,원래 프로세스 타임에
2020,4,11,pm,5,36,user1,그 기다리는 시간을 더한거 같은데
2020,4,11,pm,5,36,user1,서버 프로세스 시간은 0으로 하는게 맞지?
2020,4,11,pm,5,38,user1,형 그 제품 위치 테이블
2020,4,11,pm,5,39,user1,위치로 되있는거야 아니면 그 토잉 트럭 속력으로 나눠서 시간으로돼있는거야
2020,4,11,pm,5,39,user1,?
2020,4,11,pm,5,42,user3,그냥 위치로 돼있지
2020,4,11,pm,5,42,user3,그거 만들때 토잉트럭 얘기도 나오기전인데
2020,4,11,pm,5,44,user1,오호 이래서
2020,4,11,pm,5,44,user1,제대로 안되있었구만
2020,4,11,pm,5,44,user1,ㅇㅋㅇㅋ
2020,4,11,pm,5,44,user3,ㅋㅋㅋㅋㅋㅋ
2020,4,11,pm,5,50,user1,모델에 문제가 생겼다
2020,4,11,pm,5,50,user1,ㅋㅋㅋ
2020,4,11,pm,5,50,user1,delay를 시켜버리면 서버 하나에 capa가 6이여도
2020,4,11,pm,5,50,user1,한대밖에 안들어가
2020,4,11,pm,5,51,user1,사진
2020,4,11,pm,5,51,user1,이런 문제가 생겨버림 ㅋㅋㅋ
2020,4,11,pm,5,52,user1,저거를 process time으로 고쳐봐야겠다
2020,4,11,pm,6,7,user1,오 된당
2020,4,11,pm,6,7,user1,ㅎㅎ
2020,4,11,pm,6,8,user1,이제 저거 시간으로만 바꿔야겠다
2020,4,11,pm,6,10,user1,일단 오늘은 여기까지
2020,4,11,pm,6,13,user2,이모티콘
2020,4,11,pm,7,28,user3,우리꺼 도입했을때 효율성을 뒤받침 할 만한거 찾고있는데 마땅한게 잘안보이네 일단 괜찮아 보이는거 두개올리는데
2020,4,11,pm,7,29,user3,둘 다 약간 시스템을 도입했을 때 효율성이 올라갔다를 증명해놓은거라서 완벽히 우리꺼에 부합하지는 않는데 포괄적인거라서 한번 올려봅디다
2020,4,11,pm,10,57,user1,넵
2020,4,11,pm,10,57,user1,!
2020,4,12,pm,11,12,user3,낼 5시 한대앞 할리스??
2020,4,12,pm,11,13,user2,옙
2020,4,12,pm,11,14,user3,넵
2020,4,13,am,12,52,user1,ㅇㅋ1
2020,4,13,am,12,56,user2,쪼금 일찍와야 커피루팡 가능하십니다
2020,4,13,am,12,58,user1,ㅋㅋㅋㅋㅋㅋㅋㅋㅋㅋㅋㅋㅋㅋㅋㅋㅋㅋㅋㅋㅋㅋㅋㅋㅋㅋㅋㅋㅋㅋㅋㅋ개우껴
2020,4,13,am,12,58,user1,ㅇㅋ
2020,4,13,am,1,1,user3,넹 ㅋㅋㅋㅋㅋㅋ
2020,4,13,am,1,13,user2,이모티콘 하아..또 시급라이프의 시작이군요..
2020,4,13,am,11,56,user2,목이 아픈데 .. 왜 아프지 ..
2020,4,13,am,11,58,user1,기분탓이야 ..
2020,4,13,am,11,58,user1,약
2020,4,13,am,11,58,user1,잘 챙겨먹고
2020,4,13,am,11,58,user1,아픈거아닐거야
2020,4,13,am,11,58,user2,혹시모르니 마스크는 벗지않겠어..ㅎ
2020,4,13,am,11,58,user1,ㅋㅋㅋㅋ
2020,4,13,am,11,58,user2,오른쪽목만 아픈게 레전드
2020,4,13,am,11,58,user1,이모티콘
2020,4,13,pm,12,27,user2,악 그리고 오늘 새 사장의 딸래미가 일 배우러 오신댑니다
2020,4,13,pm,12,27,user2,음료루팡은 사이즈업정도만 될듯
2020,4,13,pm,12,32,user1,ㅇㅋ
2020,4,13,pm,12,35,user1,성훈이형 학교에서 오는거면 부탁 하나만 들어줄수있누
2020,4,13,pm,12,55,user3,??
2020,4,13,pm,1,25,user1,내 한양인 아이디로
2020,4,13,pm,1,26,user1,운영체제론5장좀
2020,4,13,pm,1,26,user1,쁩아와줄수있누
2020,4,13,pm,1,26,user1,ㅜㅜ
2020,4,13,pm,1,26,user1,한양사에서
2020,4,13,pm,1,27,user3,너가 다운해서 파일보내줘ㅋㅋ
2020,4,13,pm,1,29,user1,아 ㅇㅋ
2020,4,13,pm,1,29,user1,고마엉
2020,4,13,pm,1,53,user3,ㅇㅋㅇㅋ
2020,4,13,pm,1,58,user1,ㄱㅅ 생명의 은인이야..
2020,4,13,pm,1,58,user1,양면 한페이지에 두쪽으로 부탁해
2020,4,13,pm,2,11,user3,ㅇㅇ두쪽 양면?
2020,4,13,pm,2,13,user1,얍
2020,4,13,pm,2,13,user1,총 한장에 4쪽
2020,4,13,pm,2,17,user3,ㅇㅇ
2020,4,13,pm,3,5,user1,아니
2020,4,13,pm,3,5,user1,세아야 어디갔어
2020,4,13,pm,3,5,user1,ㄱㅋㅋㅋ
2020,4,13,pm,3,6,user1,나 할리스인데
2020,4,13,pm,3,7,user1,첨보는 두분계시네
2020,4,13,pm,3,9,user3,ㅋㅋㅋ나도 슬슬 나가볼까
2020,4,13,pm,3,10,user1,어디갔지
2020,4,13,pm,4,4,user1,성훈이형 셔틀탔나
2020,4,13,pm,4,13,user1,Random.Discrete( (600+ModelEntity.ProductLoc*0.75)*3
2020,4,13,pm,4,13,user1,600초가 상차시간이고 0.75는 왜 곱한거야 거리에다가?
2020,4,13,pm,6,32,user2,0
2020,4,13,pm,7,33,user2,0
2020,4,13,pm,7,33,user2,800대용 타임테이블 ㅋㅋ
2020,4,13,pm,9,3,user2,사진 2장
2020,4,13,pm,9,24,user3,돈보내주세요 카페 토스 다받아요
2020,4,13,pm,9,27,user2,보냈읍니닷
2020,4,13,pm,9,27,user2,ㅋㅋㅋㅋㅋㅋㅋㅋㅋㅋㅋ
2020,4,13,pm,10,18,user1,아 누워버렸다
2020,4,13,pm,10,18,user1,다시 일어날게
2020,4,14,am,1,19,user3,사진
2020,4,14,am,1,19,user3,뭐야 세아야 너가 줬어?
2020,4,14,am,1,19,user2,음? 누군지도 몰라여
2020,4,14,am,1,19,user2,편입인가?
2020,4,14,am,1,19,user3,ㅋㅋㅋㅋㅋ개웃기네 산경 17전통인가
2020,4,14,am,1,20,user1,??
2020,4,14,am,1,22,user1,차량대수가
2020,4,14,am,1,22,user1,800대면
2020,4,14,am,1,22,user1,너무 말도 안되게
2020,4,14,am,1,22,user1,효울이 올라간ㄷ
2020,4,14,am,1,22,user2,얼마나?
2020,4,14,am,1,23,user2,이모티콘
2020,4,14,am,1,23,user1,사진
2020,4,14,am,1,23,user1,사진
2020,4,14,am,1,23,user2,ㅋㅋㅋㅋㅋㅋ
2020,4,14,am,1,23,user1,순서대로 전 후야
2020,4,14,am,1,23,user1,ㅅㅂㅋㅋㅋㅋㅋㅋㅋㅋㅋㅋㅋㅋㅋㅋㅋㅋㅋㅋㅋㅋㅋㅋㅋ
2020,4,14,am,1,23,user1,토잉트럭 제약식 해야하나
2020,4,14,am,1,23,user1,ㅋㅋㅋㅋㅋㅋㅋㅋㅋㅋㅋㅋㅋㅋㅋㅋㅋㅋ
2020,4,14,am,1,24,user2,글게
2020,4,14,am,1,24,user1,이모티콘 효율이 100퍼센트!
2020,4,14,am,1,24,user2,고민을 해봐야겠다
2020,4,14,am,1,24,user2,말이 안대넹
2020,4,14,am,1,24,user3,음 700대 가자ㅋㅋㅋㅋㅋㅋㅋㅋㅋㅅㅂ
2020,4,14,am,1,24,user1,ㅋㅋㅋㅋㅋㅋㅋㅋㅋㅋㅋㅋㅋㅋㅋ
2020,4,14,am,1,24,user1,토잉트럭 제약식이 맞을거같아
2020,4,14,am,1,27,user1,잘자
2020,4,14,am,1,27,user1,굿밤
2020,4,14,am,1,28,user3,ㅋㅋㅋㅋㅋㅋ얍
2020,4,14,am,1,30,user1,확모개빡친다
2020,4,14,am,1,30,user1,하
2020,4,14,am,1,30,user1,내인생
2020,4,14,am,1,30,user1,잘자
2020,4,17,pm,12,15,user1,언제 만나오
2020,4,17,pm,12,15,user1,이제 슬슬 1차 마무리 해야제..
2020,4,17,pm,1,57,user2,마져..
2020,4,17,pm,2,6,user3,해야지...
2020,4,17,pm,2,8,user1,ㅋㅋㅋ
2020,4,17,pm,2,8,user1,이모티콘
2020,4,17,pm,10,15,user1,몇욜
2020,4,17,pm,10,15,user1,이ㅏㄴ
2020,4,17,pm,10,15,user1,토일월
2020,4,17,pm,10,15,user1,골라
2020,4,17,pm,10,22,user3,월
2020,4,17,pm,10,25,user2,월저녁만 댐다
2020,4,17,pm,10,37,user1,월욜날
2020,4,17,pm,10,37,user1,거의 마무리 지어야함..
2020,4,17,pm,10,38,user1,목에 찐막하고
2020,4,17,pm,10,40,user3,오키오키
2020,4,17,pm,10,40,user3,빨리 끝내야 우리 통품 셤준비해야지ㅋㅋㅋ
2020,4,17,pm,10,41,user2,ㅇㅋㅇㅋ
2020,4,17,pm,10,41,user2,이모티콘
2020,4,17,pm,10,49,user1,확모도..ㅅㅂ
2020,4,17,pm,10,50,user3,해보자!!
2020,4,18,am,11,40,user2,!!!!
2020,4,18,pm,5,57,user2,월욜 시간이
2020,4,18,pm,5,57,user2,많이되네요
2020,4,18,pm,5,57,user2,암때나불러주새요
2020,4,18,pm,6,6,user1,오
2020,4,18,pm,6,6,user1,알바 안해?
2020,4,18,pm,6,7,user3,ㅋㅋㅋㅋㅋㅋ
2020,4,18,pm,6,9,user2,ㅋㅋㅋㅋㅋㅋ
2020,4,18,pm,6,9,user2,일월이 가족모임인줄 알았는데
2020,4,18,pm,6,9,user2,월은 아니어뜸
2020,4,18,pm,6,11,user3,ㅋㅋㅋㅋㅋㅋ오키
2020,4,18,pm,6,11,user3,월욜 언제 보실??
2020,4,18,pm,6,24,user1,2시 ㄱㄱ?
2020,4,18,pm,7,15,user2,꼬
2020,4,18,pm,9,57,user2,사진
2020,4,18,pm,9,57,user2,참고문헌이게 전부였나?
2020,4,18,pm,9,58,user1,그때 찾은게 저거 밑에 2개였던거 같은데
2020,4,18,pm,9,58,user1,ㅇㅇ
2020,4,18,pm,10,41,user2,사진
2020,4,18,pm,10,41,user2,전체 흐름 이렇게 가려는데
2020,4,18,pm,10,41,user2,이상한거or추가할거
2020,4,18,pm,10,41,user2,있는지??
2020,4,18,pm,10,44,user2,사례연구라는 말도 써야될 거 같기두 하구
2020,4,18,pm,10,44,user1,우리 그
2020,4,18,pm,10,44,user1,토잉트럭 제약식을 걸건지..
2020,4,18,pm,10,44,user2,아미친
2020,4,18,pm,10,44,user2,ㅋㅋㅋㅋㅋㅋㅋ
2020,4,18,pm,10,44,user1,그걸 생각햬야함..
2020,4,18,pm,10,44,user2,그거약간 머리아파서 내 무의식이 애써 무시했나봄
2020,4,18,pm,10,45,user1,그게 제약식이 있으면
2020,4,18,pm,10,45,user1,그 만차일수록 효율 오르는게 한계가 있고
2020,4,18,pm,10,45,user1,없으면
2020,4,18,pm,10,45,user1,너무 말이안됨
2020,4,18,pm,10,45,user2,ㅋㅋㅋㅋㅋㅋㅋㅋㅋ
2020,4,18,pm,10,45,user2,우린 학부생이니까 나는 .. 둘다 괜찮은거같애
2020,4,18,pm,10,46,user2,근데 말이안되는 숫자룰 제시하기보단
2020,4,18,pm,10,46,user2,그다지 큰 생산성향상은 없는 결과를 제시하는게
2020,4,18,pm,10,46,user2,대학생다운거같아
2020,4,18,pm,10,46,user1,맞아
2020,4,18,pm,10,46,user1,그
2020,4,18,pm,10,46,user1,토잉트럭 제약식두고
2020,4,18,pm,10,46,user1,마진50퍼
2020,4,18,pm,10,46,user1,75퍼로
2020,4,18,pm,10,46,user1,둘까
2020,4,18,pm,10,46,user2,제약식을오빠가 만들었었나
2020,4,18,pm,10,46,user1,아니
2020,4,18,pm,10,46,user2,아님이제 유저2씨가 만들어야대나
2020,4,18,pm,10,46,user1,그거아직 안만듬
2020,4,18,pm,10,46,user2,그렇군
2020,4,18,pm,10,46,user2,알겠어
2020,4,18,pm,10,46,user2,이모티콘
2020,4,18,pm,10,47,user2,ㅋㅋㅋㅋㅋㅋㅋㅋㅋㅋㅋㅋㅋㅋ
2020,4,18,pm,10,47,user1,마진50버
2020,4,18,pm,10,47,user1,퍼
2020,4,18,pm,10,47,user1,600대
2020,4,18,pm,10,47,user1,마진 75퍼 700대
2020,4,18,pm,10,47,user1,비교해서
2020,4,18,pm,10,47,user3,그때 그거 뭐 문제있지않았나
2020,4,18,pm,10,47,user2,75퍼도 좀 웃기긴 한데 둘다 해보긴 하면 되겟다
2020,4,18,pm,10,47,user2,700대 리스트 만들면
2020,4,18,pm,10,47,user1,75퍼가
2020,4,18,pm,10,47,user1,딱700대로
2020,4,18,pm,10,47,user2,대기가길어졋나?
2020,4,18,pm,10,47,user1,떨어저서
2020,4,18,pm,10,47,user1,응응
2020,4,18,pm,10,47,user1,그래서ㅈ효율이올라감
2020,4,18,pm,10,47,user1,근데800대는
2020,4,18,pm,10,47,user2,캬하 씨미오 고놈 참 요물이야
2020,4,18,pm,10,47,user1,만차가 너무너무
2020,4,18,pm,10,48,user1,심해서
2020,4,18,pm,10,48,user1,말이안돼
2020,4,18,pm,10,48,user2,마진75퍼(700대). 10시간 운영. 토잉트럭제약식 추가
2020,4,18,pm,10,48,user2,이케 하면 말이 될거같다는 견해??
2020,4,18,pm,10,48,user3,이거 뭔가 현실과 타협한느낌이야
2020,4,18,pm,10,48,user1,나는 그렇게 생각해
2020,4,18,pm,10,48,user2,ㅋㅋㅋㅋㅋㅋㅋㅋㅋㅋㅋ
2020,4,18,pm,10,49,user2,셋이 아주 뜻이 맞는다
2020,4,18,pm,10,49,user3,그때 시간줄이고
2020,4,18,pm,10,49,user3,시간 안줄이고
2020,4,18,pm,10,49,user3,차 늘렸을때
2020,4,18,pm,10,49,user3,이상하지않았나
2020,4,18,pm,10,49,user3,내 기억이 왜곡된건가
2020,4,18,pm,10,49,user1,10시간 에
2020,4,18,pm,10,49,user1,800대했을때
2020,4,18,pm,10,49,user1,난리났었음
2020,4,18,pm,10,49,user2,ㅇㅎ
2020,4,18,pm,10,49,user2,거기서 줄이기만 하고 안돌려보고 퇴근햇엇구나
2020,4,18,pm,10,49,user1,효율2배로 증가
2020,4,18,pm,10,50,user3,ㅇㅇ
2020,4,18,pm,10,50,user2,기억이새록새록
2020,4,18,pm,10,50,user1,말도안됨
2020,4,18,pm,10,50,user3,그거 제약식없어서
2020,4,18,pm,10,50,user2,ㅋㅋㅋ2배
2020,4,18,pm,10,50,user2,ㅋㅋㅋㅋㅋㅋㅋ
2020,4,18,pm,10,50,user2,ㅈㄴ 정상상태
2020,4,18,pm,10,50,user3,오는데로 상차만하고 하이패스하는
2020,4,18,pm,10,50,user1,맞아
2020,4,18,pm,10,50,user3,그런 상황이 나왔지
2020,4,18,pm,10,51,user3,지금 우리 그러면 시미오에 토잉트럭 제약식 걸고 ppt만들면 마무리인가
2020,4,18,pm,10,51,user3,???
2020,4,18,pm,10,51,user2,아마두..
2020,4,18,pm,10,51,user1,창고 좁으니깐 로딩장소당 추가로 한대의 차량의 물품을 보관할수있는 장소가 있다
2020,4,18,pm,10,51,user1,면
2020,4,18,pm,10,51,user1,너무
2020,4,18,pm,10,51,user3,제발 제약식 걸었을때 괜찮았음 좋겠다
2020,4,18,pm,10,51,user1,에반가
2020,4,18,pm,10,51,user2,ㅋㅋㅋㅋㅋㅋㅋ
2020,4,18,pm,10,51,user1,그냥 제약식걸자
2020,4,18,pm,10,51,user2,외부도로가 있는 창고여서 공간할애에 큰 제약은 없었다
2020,4,18,pm,10,52,user2,ㅋㅋㅋㅋ
2020,4,18,pm,10,52,user1,ㅜㅜ
2020,4,18,pm,10,52,user2,ㅋㅋㅋㅋㅋㅋㅋ왜우럭
2020,4,18,pm,10,52,user3,일단 이론상이잖아 ㅋㅋㅋㅋㅋ
2020,4,18,pm,10,52,user2,ㅋㅋㅋㅋㅋㅋㅋㅋㅋㅋㅋㅋㅋㅋ
2020,4,18,pm,10,52,user2,모델 제일최근꺼가 창범오빠가 올ㄹㄴ거지
2020,4,18,pm,10,52,user1,토잉트럭
2020,4,18,pm,10,52,user1,50대로 한정해
2020,4,18,pm,10,52,user1,응응
2020,4,18,pm,10,53,user3,50대???
2020,4,18,pm,10,53,user3,36대 아니었나??
2020,4,18,pm,10,53,user3,32대였나
2020,4,18,pm,10,53,user1,36대가
2020,4,18,pm,10,53,user2,그거는 그거
2020,4,18,pm,10,53,user2,그
2020,4,18,pm,10,53,user1,로딩장소고
2020,4,18,pm,10,53,user2,주차가는
2020,4,18,pm,10,53,user3,ㅇㅎ
2020,4,18,pm,10,53,user2,가능대수
2020,4,18,pm,10,53,user1,ㅁㅈ
2020,4,18,pm,10,55,user2,나그래서모델을
2020,4,18,pm,10,55,user2,여기에잇는거갖다가
2020,4,18,pm,10,55,user2,하믄댑니까?
2020,4,18,pm,10,56,user1,넵
2020,4,18,pm,10,56,user1,그겁니다
2020,4,18,pm,10,56,user1,아
2020,4,18,pm,10,56,user1,아니다
2020,4,18,pm,10,56,user1,그게
2020,4,18,pm,10,56,user1,800대니깐
2020,4,18,pm,10,56,user1,700대로
2020,4,18,pm,10,56,user1,다시 짜고
2020,4,18,pm,10,56,user1,차량번호
2020,4,18,pm,10,56,user1,밑에서 100개지워
2020,4,18,pm,10,57,user2,10시간은맞지?
2020,4,18,pm,10,57,user1,응응
2020,4,18,pm,11,29,user2,사진
2020,4,18,pm,11,29,user2,도크에ㅓ시작할때 700대
2020,4,18,pm,11,30,user2,사진
2020,4,18,pm,11,30,user2,게이트웨이에서 시작할때 700대
2020,4,18,pm,11,39,user3,wip으로 할꺼지??
2020,4,18,pm,11,40,user2,네일단은 그럴거같아요
2020,4,18,pm,11,41,user1,아직 제약조건
2020,4,18,pm,11,42,user1,안걸음?
2020,4,18,pm,11,42,user2,ㅇㅇ아직
2020,4,18,pm,11,42,user1,효율이 적당하네
2020,4,18,pm,11,42,user1,ㅅㅂㅋㅋㄲㄲㅋ
2020,4,18,pm,11,42,user1,증가율이
2020,4,18,pm,11,42,user1,적당하네..
2020,4,18,pm,11,42,user2,하지말까??
2020,4,18,pm,11,42,user2,제약식??
2020,4,18,pm,11,42,user1,음 ..
2020,4,18,pm,11,42,user2,쫌 ㅈㄴ머리아파질라했어
2020,4,18,pm,11,42,user2,안그랟
2020,4,18,pm,11,42,user2,ㅠ
2020,4,18,pm,11,43,user1,그냥 게이트웨이 들어오면
2020,4,18,pm,11,43,user1,1
2020,4,18,pm,11,43,user1,로딩받고 나가먼
2020,4,18,pm,11,43,user1,-1
2020,4,18,pm,11,43,user1,하면
2020,4,18,pm,11,43,user2,글케 하면 걍 wip이랑 똑같고
2020,4,18,pm,11,43,user2,그걸 -1을 언제할지 고민중이었음
2020,4,18,pm,11,43,user2,미리 준비가 완료되는걸 포착할 순간이 어디일까
2020,4,18,pm,11,43,user2,고민중이었음
2020,4,18,pm,11,43,user1,ㅇㅎ
2020,4,18,pm,11,44,user1,상차시간 을 고려해야하는구나
2020,4,18,pm,11,44,user2,ㅅㅂ아무리 생각해도 트롤리 대수만큼 머 만들어야지만 되는거만 생각나서 일단 골때리며 고민중
2020,4,18,pm,11,44,user2,그래서 일단 도크 각 서버별 maximum인 준비시간만 기록해볼까 싶기도 했음
2020,4,18,pm,11,45,user1,ㅇㅎ..
2020,4,18,pm,11,45,user2,그시간중에 얼마나 남았는지는 모르겠지만 암튼 그걸 기반으로 게이트웨이에서 도크배정하려고 했음
2020,4,18,pm,11,45,user2,만차땐 솔직히 큰차이 없을거같애서
2020,4,18,pm,11,45,user2,ㅇㅇ
2020,4,18,pm,11,46,user1,ㅇㅈ
2020,4,18,pm,11,46,user1,도크배정말고
2020,4,18,pm,11,46,user1,제약식걸때
2020,4,18,pm,11,46,user1,아 아니다
2020,4,18,pm,11,46,user1,서버안에서
2020,4,18,pm,11,46,user2,배정을 어찌할지 결정해야 제약식이 걸려짐
2020,4,18,pm,11,46,user1,오키
2020,4,18,pm,11,46,user1,인졍한다
2020,4,18,pm,11,46,user2,그래서 대가리지진남
2020,4,18,pm,11,47,user1,여진이지 아직?
2020,4,18,pm,11,47,user2,이모티콘 진도 높아지는중
2020,4,18,pm,11,47,user1,ㅋㅋㅋ개웃겨
2020,4,18,pm,11,47,user1,배정이
2020,4,18,pm,11,47,user1,ㄹㅇ 문제네
2020,4,18,pm,11,47,user1,흠......
2020,4,18,pm,11,47,user2,존나골때려
2020,4,18,pm,11,48,user2,걍 남은작업시간 게이트웨이에서 확인하는방법이 최선같음
2020,4,18,pm,11,48,user1,한 서버의 케파거
2020,4,18,pm,11,48,user1,가
2020,4,18,pm,11,48,user1,여러개여도
2020,4,18,pm,11,48,user2,물론 만차시에 들어오는애들은 모르겠음
2020,4,18,pm,11,48,user1,그 안에서
2020,4,18,pm,11,48,user1,비교가능한가
2020,4,18,pm,11,48,user2,내말 그말 그게 지진포인트!
2020,4,18,pm,11,48,user1,이게 중요한거자나
2020,4,18,pm,11,49,user1,ㅋㄱㅋㄱㅋㄱㄱㅋㄱㄱㅋ
2020,4,18,pm,11,49,user2,진원지다
2020,4,18,pm,11,49,user2,아 에반데
2020,4,18,pm,11,49,user2,근데 우리가 현상을 모델링하는거지 모델안에서 로직을 개발해야되는건 아니니까
2020,4,18,pm,11,49,user2,정황상 비슷하게만 가면되거든?
2020,4,18,pm,11,49,user1,응응
2020,4,18,pm,11,49,user2,그게가라가 아니라 모델링이 원래그런거니깐
2020,4,18,pm,11,49,user2,그러려면..
2020,4,18,pm,11,50,user2,음..
2020,4,18,pm,11,50,user2,지금꺼 그냥 해도 말은 됨
2020,4,18,pm,11,50,user1,ㅋㅋ
2020,4,18,pm,11,50,user2,ㅋㅋㅋㅋㅋㅋㅋㅋㅋㅋㅋㅋㅋㅋㅋㅋㅋㅋㅋㅋㅋㅋㅋㅋㅋㅋㅋㅋㅋㅋㅋㅋㅋㅋㅋㅋㅋㅋㅋㅋㅋㅋㅋㅋㅋㅋㅋㅋㅋㅋㅋㅋㅋㅋ
2020,4,18,pm,11,50,user1,그러면
2020,4,18,pm,11,50,user1,기사님한테
2020,4,18,pm,11,50,user1,웹으로
2020,4,18,pm,11,50,user1,못쏴
2020,4,18,pm,11,50,user1,어디가라고
2020,4,18,pm,11,50,user2,이모티콘 ㅋㅋㅋㅋㅋㅋㅋㅋㅋㅋㅋㅋㅋㅋㅋㅋㅋㅋㅋㅋㅋㅋㅋㅋㅋㅋㅋㅋㅋㅋㅋㅋㅋㅋㅋㅋㅋㅋ
2020,4,18,pm,11,50,user3,지금 만차시에 어디로 가는지 추적은 못하는거지??
2020,4,18,pm,11,50,user1,제품정보도
2020,4,18,pm,11,50,user1,전달을 못하고
2020,4,18,pm,11,50,user2,그거는 이제 향후 연구과제인거지
2020,4,18,pm,11,50,user2,그게 씨미오에서 할일이 아닌거같다 이말이야
2020,4,18,pm,11,51,user2,들어오는 차량의 차량번호와 요구하는 제품정보는 지금 서버에 저장이 돼
2020,4,18,pm,11,51,user3,흠 지금 그럼 씨미오가 어디로 보낼까 만차때 아저씨를 ㅋㅋㅋㅋㅋ
2020,4,18,pm,11,51,user3,생각보다 잘보내서 문제네
2020,4,18,pm,11,51,user1,오 그러면  이거 정도만 띄워줘도
2020,4,18,pm,11,51,user2,근데 도크에 배정하는 로직을 게이트웨이에서 할라니깐 그게 씨미오 로직이 힘든거지
2020,4,18,pm,11,51,user1,괜찮지 않을까
2020,4,18,pm,11,51,user1,맞아
2020,4,18,pm,11,51,user2,씨미오 밖에서는 문제가 안됨
2020,4,18,pm,11,51,user1,그냥 만차때 빠지는곳 가면
2020,4,18,pm,11,52,user1,그게 가장 적게걸렸다는뜻..
2020,4,18,pm,11,52,user1,이모티콘
2020,4,18,pm,11,52,user1,이모티콘
2020,4,18,pm,11,52,user2,지금은 잘보내긴 하는데
2020,4,18,pm,11,52,user2,도크구역 진입직전에 판단하는거고
2020,4,18,pm,11,52,user3,아니면 어차피 안에서 대기시간동안 움직여주니까 수령하는 도크가 의미가 없다는건 말이안되나
2020,4,18,pm,11,53,user3,그래서 그냥 도크가 빨리 비는곳으로 간다
2020,4,18,pm,11,53,user2,우리가제시하는 솔류션을 제대로 모델링하려면 게이트웨이에서 판단을 해야되는데 이게 너무 비인간적인 생각노동이 필요하고
2020,4,18,pm,11,53,user2,ㅇㅇ빨리비는곳을 어쨌든 어떻게든 잘 찾았다
2020,4,18,pm,11,53,user2,하믄대긴함
2020,4,18,pm,11,53,user1,로직까지 개발하는건
2020,4,18,pm,11,53,user1,힘들듯
2020,4,18,pm,11,53,user1,ㅇㅇ
2020,4,18,pm,11,53,user2,실생활에서는 어떻게 배정해야될지 모르겠지만 아무튼 향후연구과제에서 해보세요
2020,4,18,pm,11,53,user2,해야지
2020,4,18,pm,11,53,user3,그럼 게이트웨이에서 현시간에 남은 시간이 가장 짧은 도크를 찾고 보내주면 웹으로 보내줄수있지않을까
2020,4,18,pm,11,54,user2,그게지금 내머리에 지진을 일으켰다는것 왜냐면 만차시에 똑같은곳으로 다갈것임
2020,4,18,pm,11,54,user2,작업은 50분씩인데 진입은 1-2분간격이므로
2020,4,18,pm,11,54,user2,그걸해결하기위한 로직을 또짜야된다는것이 지진포인트!
2020,4,18,pm,11,54,user3,1-2분 간격으로 숫자가 차이가 나긴 하지않음??
2020,4,18,pm,11,55,user1,근데 도크 벌크 비율이 8대2라
2020,4,18,pm,11,55,user1,거의 도크임ㅋㅋ
2020,4,18,pm,11,55,user2,나긴나는데 그게 남은작업시간이랑 비교했을때 딱 적당한 판단기준이 되ㅓ줄것인가
2020,4,18,pm,11,55,user1,아 다른말이구나
2020,4,18,pm,11,55,user2,아이 아찔해
2020,4,18,pm,11,55,user1,그러면 우리의 무기가하나
2020,4,18,pm,11,55,user1,줄었어
2020,4,18,pm,11,55,user1,이모티콘
2020,4,18,pm,11,55,user2,씨미오안에서 로직을 더 추가하진말고
2020,4,18,pm,11,56,user2,실생활에서 도입시에
2020,4,18,pm,11,56,user1,응응
2020,4,18,pm,11,56,user2,뭘 가지고 배정기준을 만들지를
2020,4,18,pm,11,56,user2,고민해야해
2020,4,18,pm,11,56,user1,아하
2020,4,18,pm,11,56,user1,뭔말인지 알겠음
2020,4,18,pm,11,56,user2,씨미오는 머 어쨌든 잘돌아간다~~해야해 노답임
2020,4,18,pm,11,56,user1,ㅇㅋㅇㅋ
2020,4,18,pm,11,56,user1,만차가 아닐시에
2020,4,18,pm,11,56,user2,아무튼 시간상으로는 모델링이맞다~~ 양반드라~~ 질문하지마~~~
2020,4,18,pm,11,56,user2,라구해야대 발표 가서
2020,4,18,pm,11,56,user3,아닐시에는 지금 그냥 아무대로가나 ㅋㅋㅋㅋㅋㅋ
2020,4,18,pm,11,56,user2,힣힣 벌써 발표생각
2020,4,18,pm,11,56,user1,어디를 우선순위로 잡자
2020,4,18,pm,11,56,user3,생각해보니 그러네
2020,4,18,pm,11,57,user1,만차일시에
2020,4,18,pm,11,57,user1,음..
2020,4,18,pm,11,57,user2,아니면 머 오늘 작업한놈들을 역추적해서
2020,4,18,pm,11,57,user2,나중에 끝나고 간트차트보면
2020,4,18,pm,11,57,user2,유틸은 거의 비슷하자나
2020,4,18,pm,11,57,user2,긍께 개수로 때려서
2020,4,18,pm,11,57,user1,응응
2020,4,18,pm,11,57,user2,0 0 0 0 0 0 0 개씩 작업한 경우는 1번가고
2020,4,18,pm,11,57,user2,그런거지
2020,4,18,pm,11,58,user2,이거를 씨미오에 반영하진 말고
2020,4,18,pm,11,58,user1,ㅇㅈ
2020,4,18,pm,11,58,user2,파이썬으로하면 충분히 감오지?
2020,4,18,pm,11,58,user2,파이썬이나 C++이나
2020,4,18,pm,11,58,user2,알간?
2020,4,18,pm,11,58,user3,저 00000개씩이 뭔지 모르겠어 미안....
2020,4,18,pm,11,58,user1,각 서버마다의 유틸의 균형을
2020,4,18,pm,11,58,user2,차량진입시에 도크7개가 있다. 한대씩 번갈아가면서 배정한다
2020,4,18,pm,11,58,user1,맞추자는거?
2020,4,18,pm,11,59,user2,도크 7대 주차구역이 있자나
2020,4,18,pm,11,59,user3,도크마다 비슷한 숫자의 차량을 받는다??
2020,4,18,pm,11,59,user3,그건가??
2020,4,18,pm,11,59,user2,그중에서 어딜 갈거냐 고르는 정책을
2020,4,18,pm,11,59,user2,지금까지 작업한 횟수가 가장 적은 애 + 거리가 가장 가까운 애
2020,4,19,am,12,0,user2,로 해서
2020,4,19,am,12,0,user2,어디에 주차할지 출력
2020,4,19,am,12,0,user2,맞음 맞는데 싸이클로 뿌려줘야겟져
2020,4,19,am,12,0,user2,0 0 0 0 0 0 0
2020,4,19,am,12,0,user2,이런식으로 쭉쭉 가면 머
2020,4,19,am,12,0,user3,ㅇㅎ뭔지 알겠음
2020,4,19,am,12,0,user2,도크 500대쯤이니깐
2020,4,19,am,12,0,user2,할튼 디비에 저래 출력을 하는거임
2020,4,19,am,12,1,user2,결국 숄티스트페스가 되는데
2020,4,19,am,12,1,user2,웃기긴 함
2020,4,19,am,12,1,user1,ㅋㅋㅋㅋ
2020,4,19,am,12,1,user2,ㅋㅋㅋㅋㅋㅋㅋㅋㅋㅋㅋㅋㅋㅋㅋㅋㅋㅋㅋㅋㅋㅋㅋㅋㅋㅋㅋㅋㅋㅋㅋㅋㅋㅋㅋㅋㅋㅋㅋㅋㅋㅋㅋㅋㅋㅋㅋㅋㅋㅋㅋㅋㅋㅋㅋㅋㅋㅋㅋㅋㅋㅋㅋㅋㅋㅋㅋㅋㅋㅋㅋㅋㅋㅋㅋㅋㅋ아아아아아아아아시바라라라라라ㅏ
2020,4,19,am,12,1,user1,만차때
2020,4,19,am,12,1,user1,달라지지
2020,4,19,am,12,1,user3,ㅋㅋㅋㅋㅋㅋㅋ
2020,4,19,am,12,1,user1,않을까?
2020,4,19,am,12,1,user3,변수가 너무 많은데
2020,4,19,am,12,1,user2,만차때 쓸 숫자정도만 씨미오에서 뽑아와바?
2020,4,19,am,12,1,user3,싸이클로 돌리면 얘가 도크에서 받는 시간이 상수여야 이상적인 상황이잖아
2020,4,19,am,12,2,user2,그것이 또 키읔 대량생산 포인트
2020,4,19,am,12,2,user2,킥킥시벌
2020,4,19,am,12,2,user2,ㅋㅋㅋㅋㅋㅋㅋㅋㅋㅋㅋㅋㅋㅋㅋㅋㅋ
2020,4,19,am,12,2,user3,1번 먼저들어갔으면 무조건 2번 보다 먼저끝난다는 보장이 있어야하는데
2020,4,19,am,12,3,user3,홀리
2020,4,19,am,12,3,user3,지금 확모 끝내서 대가리 빡대가리됨
2020,4,19,am,12,3,user2,각 서버 내부에서 현재 작업중인 애들 중에 트롤리를 사용한 시간이 가장 긴 애의 시간을 서버마다 저장
2020,4,19,am,12,3,user2,해서 게이트웨이 들어올 때마다
2020,4,19,am,12,3,user1,각 장소마다 bool값
2020,4,19,am,12,3,user2,굳이 그 숫자를 뽑아볼까
2020,4,19,am,12,3,user1,지정해서
2020,4,19,am,12,3,user2,ㅇㅇ
2020,4,19,am,12,3,user1,False면
2020,4,19,am,12,3,user1,거리 가까운거랑
2020,4,19,am,12,3,user1,받은횟수
2020,4,19,am,12,3,user1,가중치를 둬ㆍ서
2020,4,19,am,12,3,user1,가게하던지
2020,4,19,am,12,4,user1,아니면 숏티스트로만..
2020,4,19,am,12,4,user2,씨미오는 일단 이상적인 상황을 뽑아내고 있구 거기서 우리가 멀 디비로 가져와야 말이 될지 고민해보자
2020,4,19,am,12,4,user1,인정
2020,4,19,am,12,4,user2,게이트웨이에서 알림창 띄워주는용도로
2020,4,19,am,12,4,user2,무슨숫자를 가져와서 쇼티스트를 때릴것인가
2020,4,19,am,12,5,user2,글고 그 숫자에 어떤 이야기를 붙여야 현장감있는 문맥이 되는가
2020,4,19,am,12,5,user3,씨미오는 진짜 무슨 조건문으로 만차시에 보낼까
2020,4,19,am,12,5,user2,걔는 오빠
2020,4,19,am,12,5,user1,그냥 빈곳가는거야
2020,4,19,am,12,5,user1,ㅋㄱㅋㅋ
2020,4,19,am,12,5,user2,ㅇㅇ
2020,4,19,am,12,5,user1,기다렸다가
2020,4,19,am,12,5,user3,ㅋㅋㅋㅋㅋㅋㅋㅋㅋㅋㅋㅋ
2020,4,19,am,12,5,user2,지는 알고 있는거지
2020,4,19,am,12,5,user1,근데그게
2020,4,19,am,12,5,user2,지가 돌리는데
2020,4,19,am,12,5,user1,이상적인거임
2020,4,19,am,12,5,user2,ㅋㅋ
2020,4,19,am,12,5,user2,ㄹㅇ
2020,4,19,am,12,5,user2,그걸굳이 게이트웨이에서 할라는 우리가
2020,4,19,am,12,5,user2,개삽질중인거임
2020,4,19,am,12,5,user2,ㅋㅋㅋㅋㅋㅋㅋㅋㅋㅋㅋㅋㅋㅋㅋ
2020,4,19,am,12,5,user1,로직은 이상적이지 않은데
2020,4,19,am,12,6,user1,수치는
2020,4,19,am,12,6,user1,우리기
2020,4,19,am,12,6,user1,가
2020,4,19,am,12,6,user1,찾던거야
2020,4,19,am,12,6,user3,ㅋㅋㅋㅋㅋㅋㅋㅋㅋㅋㅋㅋㅋㅋㅋㅋ
2020,4,19,am,12,6,user3,결국 먼저 빠지는데 들어가는게
2020,4,19,am,12,6,user3,이상적인거네
2020,4,19,am,12,6,user3,홀리
2020,4,19,am,12,6,user1,ㅋㅋㅋㅋ
2020,4,19,am,12,6,user2,ㅇㅏ 시바잇자나 그 도크 목적지를 그냥 게이트웨이에서 걸면 다른 이상한곳 들러서 가나?
2020,4,19,am,12,6,user1,씨미오를
2020,4,19,am,12,6,user1,믿지마
2020,4,19,am,12,6,user1,삥 안돌교
2020,4,19,am,12,6,user1,바로
2020,4,19,am,12,6,user1,왼쪽으로
2020,4,19,am,12,6,user1,갈듯
2020,4,19,am,12,6,user2,아아아아
2020,4,19,am,12,6,user2,그렇겟다
2020,4,19,am,12,6,user2,개쉐기
2020,4,19,am,12,7,user2,에휴 하여간 개샛깅
2020,4,19,am,12,7,user2,그냥 머 씨씨티비 설치하라구 할까?
2020,4,19,am,12,7,user3,ㅋㅋㅋㅋㅋㅋㅋㅋㅋㅋㅋㅋㅋㅋㅋㅋ
2020,4,19,am,12,7,user2,제일 비어보이는곳으로 인간이 배정
2020,4,19,am,12,7,user2,ㅋㅋㅋㅋㅋㅋㅋㅋㅋㅋㅋㅋㅋㅋㅋㅋㅋㅋㅋㅋㅋㅋㅋㅋㅋㅋㅋㅋㅋㅋㅋㅋㅋㅋㅋㅋㅋㅋㅋㅋ
2020,4,19,am,12,7,user1,ㅋㄱㅋㅋㅋㅋㅋㅎ
2020,4,19,am,12,7,user3,보다가 비어있는곳 가라
2020,4,19,am,12,7,user3,ㅋㅋㅋㅋㅋㅋㅋㅋㅋㅋㅋ
2020,4,19,am,12,7,user3,어 빠졌다!!!
2020,4,19,am,12,7,user2,이모티콘
2020,4,19,am,12,8,user1,케이스를 둘까?
2020,4,19,am,12,8,user1,쇼티스트
2020,4,19,am,12,9,user1,Longest
2020,4,19,am,12,9,user3,if(게이트웨이 도착) {
2020,4,19,am,12,9,user3,이상적
2020,4,19,am,12,9,user2,ㅋㅋㅋㅋㅋㅋㅋㅋㅋㅋㅋㅋㅋㅋㅋㅋㅋㅋㅋㅋ민엘리먼트
2020,4,19,am,12,9,user3,개소리 미안
2020,4,19,am,12,9,user2,추억개돋네
2020,4,19,am,12,9,user3,ㅋㅋㅋㅋㅋㅋㅋㅋㅋㅋㅋㅋㅋㅋㅋㅋ
2020,4,19,am,12,10,user2,꺄하하하하
2020,4,19,am,12,10,user2,월욜에 얘기하쟈
2020,4,19,am,12,10,user2,카톡으로 말할라니까 대가리가 더 터져욧~~~
2020,4,19,am,12,10,user1,흐엣
2020,4,19,am,12,10,user1,넵
2020,4,19,am,12,10,user3,암튼 창범 난 확모끝
2020,4,19,am,12,10,user3,결국 25번 총 5시간 넘게 걸린듯
2020,4,19,am,12,10,user2,확모 과제여?
2020,4,19,am,12,10,user2,25번 왜케 뭔데 번호가 익숙하져
2020,4,19,am,12,10,user2,개소름돋내
2020,4,19,am,12,10,user3,ㅇㅇㅇㅇ한문제가지고 지랄했어
2020,4,19,am,12,11,user3,삽질 오지게하다가
2020,4,19,am,12,11,user3,계산기씀
2020,4,19,am,12,11,user3,ㅋ
2020,4,19,am,12,11,user2,그거심지어 3명이상 삽질했을거아니에요
2020,4,19,am,12,11,user3,지금 모두가 삽질중이었을꺼야
2020,4,19,pm,10,55,user2,않이 가족들이랑 캠핑왓는데
2020,4,19,pm,10,55,user2,1박이엇던거임
2020,4,19,pm,10,55,user2,..
2020,4,19,pm,10,55,user2,집가서 멋사일두해야대서
2020,4,19,pm,10,55,user2,쫌만늦게봅시다
2020,4,19,pm,10,56,user1,몇시?
2020,4,19,pm,10,56,user2,3-4시?
2020,4,19,pm,10,56,user1,3시ㄱㄱ
2020,4,19,pm,11,20,user3,ㅇㅋ
2020,4,20,am,11,6,user1,형오늘도 피피티부탁가능하눙
2020,4,20,am,11,19,user1,한대앞 ㅇㄷ카페
2020,4,20,am,11,19,user1,?
2020,4,20,am,11,21,user2,스벅?ㅋㅋㅋㅋ
2020,4,20,pm,12,3,user3,스벅??
2020,4,20,pm,12,14,user1,ㄱㄱ
2020,4,20,pm,12,17,user1,근데
2020,4,20,pm,12,17,user1,스벅 너무
2020,4,20,pm,12,17,user1,자리가불편함
2020,4,20,pm,12,17,user1,투썸어때
2020,4,20,pm,12,19,user2,헐좋아
2020,4,20,pm,12,21,user3,ㅇㅋㅇㅋ
2020,4,20,pm,2,3,user1,하 확모중간 다음주로떳다
2020,4,20,pm,2,3,user1,;;;
2020,4,20,pm,2,5,user2,Baaam
2020,4,20,pm,2,12,user3,담주 통품 확모
2020,4,20,pm,2,12,user3,두개네 ㅁㅊ
2020,4,20,pm,2,15,user2,이모티콘 Baaaaam
2020,4,20,pm,2,46,user1,투썸입니다
2020,4,20,pm,2,46,user1,투썸으로 오세여~
2020,4,20,pm,2,46,user2,이모티콘
2020,4,20,pm,2,47,user3,나 50분셔틀
2020,4,20,pm,2,48,user2,가는길에 성훈오빠 발견할듯
2020,4,20,pm,2,48,user2,앗! 야생의 성훈을 발견했다!
2020,4,20,pm,2,48,user2,[같이간다.]
2020,4,20,pm,2,48,user1,엥 왜 학교에 있어?
2020,4,20,pm,2,49,user1,ㅋㅋㅋ
2020,4,20,pm,2,49,user1,ㅋㅋㅋㅋㅋㅋㅋㅋㅋㅋㅋㅋㅋㅋㅋㅋㅋㅋㅋㅋ
2020,4,20,pm,2,49,user2,나??
2020,4,20,pm,2,49,user1,응응
2020,4,20,pm,2,49,user2,난 한대앞인데??
2020,4,20,pm,2,49,user3,나 도착할때
2020,4,20,pm,2,49,user1,ㅋㅋㅋㅋㅋㅋㅋㅋㅋ
2020,4,20,pm,2,49,user1,아
2020,4,20,pm,2,49,user3,한대앞지나간다는것
2020,4,20,pm,2,49,user3,같은데ㅋㅋㅋ
2020,4,20,pm,2,49,user1,ㅋㅋㅋㅋㅋㅋ
2020,4,20,pm,2,49,user1,ㅇㅋㄷㅋ
2020,4,20,pm,2,49,user2,이모티콘
2020,4,20,pm,2,58,user2,우리오늘
2020,4,20,pm,2,58,user2,회의빡하고
2020,4,20,pm,2,58,user2,회의30분빡하구
2020,4,20,pm,2,58,user1,응..?
2020,4,20,pm,2,58,user2,먼가 각자해보구
2020,4,20,pm,2,59,user2,다시회의하구
2020,4,20,pm,2,59,user2,그러쟈
2020,4,20,pm,2,59,user1,ㅇㅋ
2020,4,20,pm,2,59,user2,ㅋㅋㅋㅋㅋㅋㅋㅋㅋㅋㅋㅋㅋㅋㅋㅋㅋㅋㅋ
2020,4,20,pm,2,59,user1,오늘 교수님한테
2020,4,20,pm,2,59,user1,메일도
2020,4,20,pm,2,59,user1,보내야겠다
2020,4,20,pm,2,59,user1,누가좋을까
2020,4,20,pm,2,59,user2,사실..나..멋사...일이..안끝나서... .....30분정도....필요함
2020,4,20,pm,2,59,user1,???
2020,4,20,pm,2,59,user3,일단 나 한대앞
2020,4,20,pm,2,59,user2,그래서우리 얘기할거먼저 하구
2020,4,20,pm,2,59,user1,세아 너무 멋져..ㄷ
2020,4,20,pm,2,59,user2,나빨리끝ㄴㅐ고 합류하겟음......
2020,4,20,pm,2,59,user1,그렇게 어케 살아
2020,4,20,pm,3,0,user2,미안해....
2020,4,20,pm,3,0,user1,오늘
2020,4,20,pm,3,0,user1,사실상 마무리짓자
2020,4,20,pm,3,0,user1,쀼 ㅠㅠ
2020,4,20,pm,3,1,user3,ㅇㅋ나도착
2020,4,20,pm,3,6,user1,ㅇㄷ
2020,4,20,pm,3,7,user1,세아
2020,4,20,pm,3,7,user2,이모티콘
2020,4,20,pm,3,8,user2,사진
2020,4,20,pm,9,34,user3,사진
2020,4,20,pm,9,34,user3,세아야 ㅋ
2020,4,20,pm,9,48,user1,ㄷㄷ
2020,4,20,pm,10,15,user2,와
2020,4,20,pm,10,15,user2,오빠어디???
2020,4,20,pm,10,15,user2,저지금 걸비에요
2020,4,20,pm,10,16,user2,ㅋㅋㅋㅋㅋㅋㅋㅋㅋㅋ
2020,4,20,pm,10,16,user2,받아가야지..
2020,4,20,pm,10,27,user3,나 해동
2020,4,20,pm,10,27,user2,언제집가여
2020,4,20,pm,10,27,user2,새벽??
2020,4,20,pm,10,28,user3,ㅇㅇ늦게갈듯
2020,4,20,pm,10,29,user1,공부언제부터했누
2020,4,20,pm,10,35,user3,나 시작한지는 얼마안됨
2020,4,20,pm,10,35,user1,ㅇㅎ
2020,4,20,pm,10,35,user1,아근데
2020,4,20,pm,10,35,user1,세아가
2020,4,20,pm,10,35,user1,마우스패드
2020,4,20,pm,10,35,user1,가져갔나?
2020,4,20,pm,10,35,user1,여깄네
2020,4,20,pm,10,35,user1,쏴리
2020,4,20,pm,10,36,user1,이모티콘
2020,4,21,am,1,17,user3,1공오면 톡해
2020,4,21,am,1,17,user2,지금
2020,4,21,am,1,17,user2,등나무가보여요
2020,4,21,am,1,17,user2,하지만 보이지않는성훈..
2020,4,21,am,1,18,user3,들고나감
2020,4,21,am,1,18,user2,ㅋㅋㅋㅋㅋㅋㅋㅋㅋㅋㅋ
2020,4,21,pm,4,41,user3,강창욱 교수님 답장이 없다
2020,4,21,pm,4,49,user1,24시간 내에 거의 주시니깐
2020,4,21,pm,4,49,user1,일단 오늘 8시까지 존버ㄱㄱ
2020,4,21,pm,4,50,user1,그리고 경진대회 참가비는
2020,4,21,pm,4,50,user1,학회비로 낼게
2020,4,21,pm,4,50,user1,인당 만원인데
2020,4,21,pm,4,54,user2,넹
2020,4,21,pm,5,13,user3,산경개론 답장은 3분만에 주셨는데
2020,4,21,pm,5,13,user3,우리껀 안주심
2020,4,21,pm,5,14,user1,ㄷㄷ?
2020,4,21,pm,5,14,user1,흠
2020,4,21,pm,5,15,user1,1.한번더 보낸다
2020,4,21,pm,5,19,user1,사진
2020,4,21,pm,5,19,user1,갑자기 운영체제론 숙제 나옴
2020,4,21,pm,5,19,user1,매주 실습코딩에 저거까지..
2020,4,21,pm,5,35,user3,담주 산경개 시험
2020,4,21,pm,5,35,user3,ㅅㅂ
2020,4,21,pm,5,35,user3,미쳤냐고
2020,4,21,pm,5,35,user3,통품이랑 날짜도 겹ㅊ침
2020,4,21,pm,5,54,user1,ㅎㅎ
2020,4,21,pm,8,33,user1,김병훈교수님한테
2020,4,21,pm,8,33,user1,보냈어 다시
2020,4,21,pm,8,33,user2,강창욱교수님 답장 안온거아녀??
2020,4,21,pm,8,36,user1,응응 근데 산경개는 3분만에 답장했는데
2020,4,21,pm,8,36,user1,우리껀 씹으신거보니..
2020,4,21,pm,8,37,user2,산경개 무슨내용인데??
2020,4,21,pm,8,37,user1,성훈이형이받은거라 난 그건모르겠으
2020,4,21,pm,8,38,user2,교수님 답장 둘다오면어쩔라구
2020,4,21,pm,8,38,user1,그생각도했는데
2020,4,21,pm,8,38,user1,안오는것보단
2020,4,21,pm,8,38,user1,나을거같아서
2020,4,21,pm,8,38,user2,강교수님 번호도 잇는데
2020,4,21,pm,8,38,user2,정안되면 문자하려구햇징
2020,4,21,pm,8,39,user1,아 그래?
2020,4,21,pm,8,39,user1,말하지
2020,4,21,pm,8,39,user1,ㅜㅜㅜㅜ
2020,4,21,pm,8,39,user2,ㄷ
2020,4,21,pm,8,39,user1,너의
2020,4,21,pm,8,39,user1,교수님과의커넥션을
2020,4,21,pm,8,39,user1,몰랐다
2020,4,21,pm,8,39,user1,일단 두분다 안오시면
2020,4,21,pm,8,40,user1,강교수님께 문자 드리자
2020,4,21,pm,8,46,user1,두분
2020,4,21,pm,8,46,user1,메일좀
2020,4,21,pm,8,46,user2,응?
2020,4,21,pm,8,47,user1,세아 메일
2020,4,21,pm,8,47,user1,wanted뭐시기
2020,4,21,pm,8,47,user2,wantedsaea@gmail.com
2020,4,21,pm,8,47,user1,ㅇㅋ
2020,4,21,pm,8,48,user1,성훈이형은 찾았음
2020,4,21,pm,8,51,user3,???
2020,4,21,pm,8,51,user1,참가신청서
2020,4,21,pm,8,52,user1,작성중이였어
2020,4,21,pm,8,52,user3,ㅇㅎ
2020,4,22,pm,4,31,user3,낼 몇시에 봄???
2020,4,22,pm,4,31,user3,나랑 창범이 실강 있어서 늦게 봐야할듯한데
2020,4,22,pm,4,42,user2,18시이후 간응
2020,4,22,pm,4,44,user1,물경실강따위
2020,4,22,pm,5,12,user1,6시 반까지ㄱㄱ
2020,4,22,pm,5,18,user3,ㅇㅋ
2020,4,22,pm,5,25,user2,ㅇㅋㅇㅋ
2020,4,22,pm,5,25,user2,할리스?ㅋㅋㅋㅋㅋㅋㅋㅋ
2020,4,22,pm,5,27,user1,이모티콘
2020,4,22,pm,5,35,user3,투썸 기프티콘있는데 투썸 안될까요
2020,4,22,pm,5,36,user2,ㅁㅊ좋아요
2020,4,22,pm,5,47,user1,좋지
2020,4,22,pm,6,36,user1,dk tlqkf
2020,4,22,pm,6,36,user1,아 시발
2020,4,22,pm,6,36,user1,사진
2020,4,22,pm,6,36,user1,ㅋㅋㅋㅋㅋㅋㅋㅋㅋㅋㅋㅋㅋㅋㅋㅋㅋㅋㅋㅋㅋㅋㅋㅋㅋㅋㅋㅋㅋㅋㅋㅋㅋㅋㅋㅋㅋㅋㅋㅋㅋㅋㅋㅋㅋㅋㅋㅋㅋㅋㅋㅋㅋㅋㅋㅋㅋㅋㅋㅋㅋㅋㅋㅋㅋㅋㅋㅋㅋㅋㅋㅋㅋㅋㅋ
2020,4,22,pm,6,37,user3,아
2020,4,22,pm,6,37,user3,아
2020,4,22,pm,6,37,user2,?
2020,4,22,pm,6,37,user3,ㅅㅂ
2020,4,22,pm,6,37,user2,아예취소?
2020,4,22,pm,6,37,user3,진짜
2020,4,22,pm,6,37,user2,미친놈들인가?
2020,4,22,pm,6,37,user3,가을까지연기아님?
2020,4,22,pm,6,37,user2,지금 제출을 받긴받고 발표만 추계 아니고?
2020,4,22,pm,6,37,user1,오늘올라온거 아니고
2020,4,22,pm,6,37,user1,10일전쯤올라옴
2020,4,22,pm,6,37,user2,아미친
2020,4,22,pm,6,37,user1,가입하러
2020,4,22,pm,6,37,user1,들어갔더니
2020,4,22,pm,6,37,user1,무슨일이지?
2020,4,22,pm,6,38,user2,그걸 개샛기들이 문자로쏴줘야지 그걸 찾아봐야만하게 하다니?
2020,4,22,pm,6,38,user2,강창욱교수님 그래서 답장없던거 아님?
2020,4,22,pm,6,38,user2,개소름
2020,4,22,pm,6,38,user1,소름..
2020,4,22,pm,6,39,user1,아
2020,4,22,pm,6,39,user1,ㄹㅇ
2020,4,22,pm,6,39,user3,추계컨퍼까지 언제뜨는지 모르는거?
2020,4,22,pm,6,40,user2,일단 9월이후인건 확정이군
2020,4,22,pm,6,40,user3,근데 위에는 전면 취소라고 적혀있어
2020,4,22,pm,6,41,user1,걍 추계컨퍼로 미룬다는게\
2020,4,22,pm,6,41,user1,없엔다는거지무 ㅓ..
2020,4,22,pm,6,41,user1,낼만한곳없나
2020,4,22,pm,6,41,user3,추계컨퍼때까지 연기인데 이대로 안열어도 답없는거네
2020,4,22,pm,6,41,user1,걍9월에 하면 내면 되는게
2020,4,22,pm,6,41,user1,그걸 제출 2주전에 알려줘?
2020,4,22,pm,6,41,user1,미쳤네
2020,4,22,pm,6,42,user3,기사시험도 4일전에 알려줬는데 뭔들
2020,4,22,pm,6,42,user3,아오 ㅅㅂ
2020,4,22,pm,6,42,user3,일단 담주 시험이니까 그것부터 처리하자
2020,4,22,pm,6,44,user1,ㅇㅋ..
2020,4,27,am,3,21,user2,사진
2020,4,27,am,3,21,user2,14번틀린놈나와
2020,4,27,am,3,21,user2,ㅋㅋㅋㅋㅋㅋㅋㅋㅋㅋㅋㅋㅋㅋㅋㅋㅋㅋ
2020,4,27,am,9,29,user1,이모티콘
2020,9,24,pm,4,21,user2,다들바쁘심까 전화안받네예
2020,9,24,pm,4,22,user2,해커톤같이하는3학년 혹시 더 낄생각없으십니꺼
2020,9,24,pm,4,22,user2,후배ㅐ양성에힘쓰죠
2020,9,24,pm,4,25,user1,ㄱㄱ
2020,9,24,pm,4,25,user1,우리과야?!
2020,9,24,pm,4,25,user1,난 상관없어
2020,9,24,pm,4,33,user3,나도 조아
2020,9,24,pm,4,33,user3,ㅋㅋㅋㅋㅋ나 무음이라서 못봤어 미안
2020,9,24,pm,4,34,user1,이거
2020,9,24,pm,4,34,user1,최대
2020,9,24,pm,4,34,user1,5명이래
2020,9,24,pm,4,34,user1,2명 누구끼지
2020,9,24,pm,4,34,user3,해커톤이면 밤새겠넹
2020,9,24,pm,4,34,user3,이거 학년 정해야됨??
2020,9,24,pm,4,35,user3,후배 양성은 갑자기 뭐야 ㅋㅋㅋㅋㅋ
2020,9,24,pm,4,35,user1,해커톤이 아니라
2020,9,24,pm,4,35,user1,캡스톤 잘못쓴거래
2020,9,24,pm,4,35,user3,ㅋㅋㅋㅋㅋㅋㅋㅋ
2020,9,24,pm,4,35,user1,쨋든
2020,9,24,pm,4,35,user1,세아
2020,9,24,pm,4,36,user1,우리조 5명인거
2020,9,24,pm,4,36,user1,방금 암
2020,9,24,pm,4,36,user1,ㅋㅋㅋㅋㅋㅋㅋㅋㅋㅋㅋㅋㅋㅋㅋㅋ
2020,9,24,pm,4,36,user3,와웅
2020,9,24,pm,4,36,user3,미안하게 됐다....;;;;
2020,9,24,pm,4,36,user3,의도치않게
2020,9,24,pm,4,36,user1,맞아 우린 남겨뒀어
2020,9,24,pm,4,36,user1,민규가 부탁하는데 너무 마음이 아팠다
2020,9,24,pm,4,36,user1,ㅋㅋㅋㅋㅋㅋㅋㅋㅋㅋㅋㅋ
2020,9,24,pm,4,36,user1,2명 낄만한 애 ㄴㄱ 있지\
2020,9,24,pm,4,37,user1,형 끼고 싶은애 있어?
2020,9,24,pm,4,37,user3,어디에껴??
2020,9,24,pm,4,38,user3,지금 이해가 잘안돼 ㅋㅋㅋㅋㅋㅋㅋ
2020,9,24,pm,4,40,user1,근까
2020,9,24,pm,4,40,user1,한국scm경진대회
2020,9,24,pm,4,40,user1,5명까지인데
2020,9,24,pm,4,40,user1,우리 3명이자자나
2020,9,24,pm,4,40,user1,2명 더 끼자궁
2020,9,24,pm,4,41,user3,ㅇㅎ
2020,9,24,pm,4,41,user3,그얘기구만
2020,9,24,pm,4,41,user3,음.....
2020,9,24,pm,4,41,user3,딱 떠오르지가 않넹
2020,9,24,pm,4,41,user3,의연이?
2020,9,24,pm,4,42,user1,의연이 simio
2020,9,24,pm,4,42,user1,극혐함
2020,9,24,pm,4,42,user1,ㅋㅋㅋㅋㅋㅋㅋㅋㅋㅋㅋㅋㅋㅋㅋㅋㅋㅋㅋㅋㅋㅋㅋㅋㅋㅋㅋㅋㅋㅋㅋㅋㅋㅋㅋㅋㅋ
2020,9,24,pm,4,42,user1,후배 낄 사람 없나
2020,9,24,pm,4,59,user1,상준이 물어본다?
2020,9,24,pm,5,0,user2,ㅋㅋㅋㅋㅋㅋㅋㅋㅋㅋ
2020,9,24,pm,5,0,user2,ㄱㄱ
2020,9,24,pm,5,1,user2,ㅋㅋㅋㅋㅋㅋㅋ너무 이해돼서 줠래웃기다
2020,9,24,pm,5,1,user1,19 여자애 한 명 물어볼까?
2020,9,24,pm,5,1,user2,오 머야머야
2020,9,24,pm,5,1,user1,전자과 다중하는 친구
2020,9,24,pm,5,1,user1,있는데
2020,9,24,pm,5,1,user2,오 머야머야
2020,9,24,pm,5,2,user2,ㄱㄱ
2020,9,24,pm,5,2,user2,번창하는 분위기를 후배님한테 전수하자
2020,9,24,pm,5,3,user1,사진
2020,9,24,pm,5,3,user1,ㅋㅋㅋㅋㅋㅋㅋㅋㅋㅋㅋㅋㅋㅋㅋㅋㅋㅋㅋㅋㅋㅋㅋㅋㅋㅋㅋㅋㅋㅋㅋㅋㅋㅋㅋㅋㅋ
2020,9,24,pm,5,3,user2,ㅋㅋㅋㅋㅋㅋㅋㅋㅋ
2020,9,24,pm,5,4,user2,얍줠래잘쓰내
2020,9,24,pm,5,4,user1,이모티콘
2020,9,24,pm,5,4,user1,이모티콘
2020,9,24,pm,5,4,user2,ㅎ
2020,9,24,pm,5,4,user2,이모티콘
2020,9,24,pm,5,5,user2,라인업좋다
2020,9,24,pm,5,5,user2,16두명 17두명 19한명
2020,9,24,pm,5,5,user2,ㅋㅋ
2020,9,24,pm,5,5,user2,먼가 화기애애해보여
2020,9,24,pm,5,6,user1,도대체 뭐갘ㅋㄱㅋㅋㄱㅋㅋㅋ
2020,9,24,pm,5,6,user1,개웃곀ㄱㄲ
2020,9,24,pm,5,6,user2,19여자애 혹시 걔??
2020,9,24,pm,5,6,user2,단발에
2020,9,24,pm,5,6,user2,학회들어왓던애
2020,9,24,pm,5,6,user1,음
2020,9,24,pm,5,6,user2,신교수님쫓아다니는
2020,9,24,pm,5,7,user1,아닌듯
2020,9,24,pm,5,7,user1,19인데
2020,9,24,pm,5,7,user1,너랑 동갑이야
2020,9,24,pm,5,7,user2,누군데
2020,9,24,pm,5,7,user2,김수현이아녀??
2020,9,24,pm,5,7,user2,사진
2020,9,24,pm,5,8,user2,이분아녀?
2020,9,24,pm,5,8,user1,ㄴㄴ
2020,9,24,pm,5,8,user2,ㄱㄱ
2020,9,24,pm,5,8,user3,노지영씨?
2020,9,24,pm,5,8,user1,지영이는
2020,9,24,pm,5,8,user1,18이자나
2020,9,24,pm,5,8,user2,ㅋㅋㅋㅋㅋ오빠내가 노졍을모르겟어여?
2020,9,24,pm,5,8,user1,ㅋㅋㅋㅋㅋㅋㅋㅋㅋㅋ
2020,9,24,pm,5,8,user2,ㅋㅋㅋㅋㅋㅋㅋㅋㅋㅋㅋㅋㅋㅋㅋ
2020,9,24,pm,5,8,user2,갸는 고인물이져
2020,9,24,pm,5,8,user1,유저5라고
2020,9,24,pm,5,9,user2,오....1도몰라
2020,9,24,pm,5,9,user1,있는데 일단 물어봄
2020,9,24,pm,5,9,user2,넹
2020,9,24,pm,5,9,user3,오 나도 1도몰라
2020,9,24,pm,5,9,user3,도대체 넌 어떻게 아는거니 ㅋㅋㅋㅋㅋ
2020,9,24,pm,5,9,user2,ㄹㅇ..
2020,9,24,pm,5,9,user2,이모티콘
2020,9,24,pm,5,9,user1,그러게 나도 모르겠다
2020,9,24,pm,5,9,user1,ㅋㅋㅋㅋㅋㅋㅋㅋㅋㅋㅋㅋㅋㅋㅋㅋㅋㅋㅋ
2020,9,24,pm,5,51,user1,섭외완료
2020,9,24,pm,5,51,user2,오 ㅋㅋㅋㅋ
2020,9,24,pm,5,51,user2,둘다??
2020,9,24,pm,5,54,user1,넵
2020,9,24,pm,5,56,user1,이모티콘
2020,9,24,pm,6,0,user5,안녕하세요! 19학번 유저5라고합니다!! 열심히하겠습니다 잘부탁드릴게요!!
2020,9,24,pm,6,0,user4,안녕하세요 ~~~
2020,9,24,pm,6,1,user3,열심히하게 남았나???
2020,9,24,pm,6,2,user3,지금 뭐뭐 남았지?
2020,9,24,pm,6,2,user2,ㅋㅋㅋㅋㅋㅋ
2020,9,24,pm,6,3,user2,할거업써요 ㄹㅇ
2020,9,24,pm,6,3,user2,친목다지기?
2020,9,24,pm,6,3,user2,상주나 2학기잘하구잇냐?
2020,9,24,pm,6,4,user3,그러면 중요한걸 정해야겠다
2020,9,24,pm,6,4,user3,오늘 나 저녁뭐먹을까
2020,9,24,pm,6,5,user2,아이
2020,9,24,pm,6,5,user2,ㅋㅋㅋㅋㅋㅋㅋㅋㅋㅋㅋㅋㅋㅋㅋㅋ
2020,9,24,pm,6,5,user2,배달드실거면
2020,9,24,pm,6,5,user2,짜글이강추요
2020,9,24,pm,6,5,user2,요즘 매일아른거려요
2020,9,24,pm,6,5,user4,청학냉면이요 ㅎㅎ
2020,9,24,pm,6,5,user3,혹시 the짜글의 짜글이?
2020,9,24,pm,6,6,user2,와우 대윰
2020,9,24,pm,6,6,user2,정답 맨
2020,9,24,pm,6,6,user2,안산러 킹정합니다
2020,9,24,pm,6,6,user2,사진
2020,9,24,pm,6,6,user5,우왕..
2020,9,24,pm,6,7,user1,ㅋㅋㅋㅋㅋㅋㅋㅋㅋㅋㅋㅋㅋㅋㅋ
2020,9,24,pm,6,7,user2,상준 잘지내냐고.
2020,9,24,pm,6,7,user1,우리 ppt 보니깐
2020,9,24,pm,6,7,user1,db 연동된거
2020,9,24,pm,6,7,user1,로컬호스트로
2020,9,24,pm,6,7,user1,띄워야하고
2020,9,24,pm,6,7,user1,피피티 채워넣고..
2020,9,24,pm,6,7,user2,아악안돼
2020,9,24,pm,6,7,user1,그정도..
2020,9,24,pm,6,7,user2,생각이나버력
2020,9,24,pm,6,7,user4,크흠
2020,9,24,pm,6,7,user4,벌써어렵다
2020,9,24,pm,6,8,user2,상준지수 어디사나요
2020,9,24,pm,6,8,user2,아 상준안산이지
2020,9,24,pm,6,8,user4,저안산이요
2020,9,24,pm,6,8,user4,네
2020,9,24,pm,6,8,user4,ㅋㅋㅋㅋㅋㅋㅋㅋㅋㅋ
2020,9,24,pm,6,8,user2,카카오바이크 줠래조앙
2020,9,24,pm,6,8,user1,지수도
2020,9,24,pm,6,8,user4,페달오?
2020,9,24,pm,6,8,user5,저두 안산에 잇어용!!
2020,9,24,pm,6,8,user1,학교앞
2020,9,24,pm,6,8,user2,페달로언급금지
2020,9,24,pm,6,8,user1,나만 안양이야
2020,9,24,pm,6,8,user1,이모티콘
2020,9,24,pm,6,8,user2,ㅋㅋㅋㅋㅋㅋㅋㅋㅋ
2020,9,24,pm,6,8,user2,그럼뭐 가볍게 한번 볼까요
2020,9,24,pm,6,8,user2,오늘 다들 뭐하시는지
2020,9,24,pm,6,8,user2,..ㅎ
2020,9,24,pm,6,9,user4,오늘 딱될듯 ?
2020,9,24,pm,6,9,user1,??
2020,9,24,pm,6,9,user1,오늘은 좀..
2020,9,24,pm,6,9,user2,ㅋㅋㅋㅋㅋㅋㅋㅋㅋㅋㅋㅋㅋㅋㅋㅋㅋㅋㅋㅋㅋ
2020,9,24,pm,6,9,user4,ㅋㅋㅋㅋㅋㅋㅋㅋㅋㅋㅋㅋㅋ
2020,9,24,pm,6,9,user2,딱된다자나 창범
2020,9,24,pm,6,9,user4,ㅋㅋㅋㅋㅋㅋㅋㅋㅋ와요 형
2020,9,24,pm,6,9,user1,유저4 다시 톡방
2020,9,24,pm,6,9,user3,ㅋㅋㅋㅋㅋㅋㅋㅋㅋㅋㅋㅋ
2020,9,24,pm,6,9,user1,나가줄래..
2020,9,24,pm,6,9,user3,ㅋㅋㅋㅋㅋㅋㅋㅋㅋㅋㅋㅋㅋㅋㅋㅋㅋㅋㅋㅋㅋㅋ
2020,9,24,pm,6,9,user2,ㅋㅋㅋㅋㅋㅋㅋㅋㅋㅋㅋㅋㅋ아왜
2020,9,24,pm,6,9,user2,ㅠㅠ
2020,9,24,pm,6,9,user4,이모티콘
2020,9,24,pm,6,9,user2,상준아힘내ㅠㅠ
2020,9,24,pm,6,9,user2,지금 고잔동 파스쿠찌에있는디
2020,9,24,pm,6,9,user1,이모티콘
2020,9,24,pm,6,9,user2,상준 지수 시간되면 와요 브리핑해줄랑께
2020,9,24,pm,6,10,user4,한대앞오면 페달로빌려줌
2020,9,24,pm,6,10,user4,고잔동 그
2020,9,24,pm,6,10,user4,25시 ?
2020,9,24,pm,6,10,user2,ㅇㅇ
2020,9,24,pm,6,10,user4,언제까지있 ?
2020,9,24,pm,6,10,user2,움..
2020,9,24,pm,6,10,user2,멀라 방금옴
2020,9,24,pm,6,10,user1,브리핑 ㅋㅋㅋㅋㅋㅋㅋㅋㅋㅋㅋㅋㅋㅋㅋㅋㅋㅋㅋㅋㅋㅋㅋㅋ
2020,9,24,pm,6,10,user2,이모티콘 뭐.
2020,9,24,pm,6,10,user1,아니 너무 잘해서..
2020,9,24,pm,6,11,user2,상준이만오면 줠래 어색하겟다
2020,9,24,pm,6,11,user2,나 오랜만에만난사람 낯가려 상준
2020,9,24,pm,6,11,user2,지수델꼬와
2020,9,24,pm,6,11,user4,ㅋㅋㅋㅋㅋㅋㅋㅋㅋㅋㅋㅋㅋㅋㅋ
2020,9,24,pm,6,11,user4,너가 ?
2020,9,24,pm,6,11,user1,ㅋㅋㅋㅋㅋㅋㅋㅋ
2020,9,24,pm,6,11,user4,ㅋㅋㅋㅋㅋㅋㅋㅋㅋㅋㅋㅋㅋㅋ
2020,9,24,pm,6,11,user1,대놓고 낯가리겠다는 소리..
2020,9,24,pm,6,11,user4,ㅋㅋㅋㅋㅋㅋㅋㅋㅋㅋㅋㅋ
2020,9,24,pm,6,11,user2,ㅋㅋㅋㅋㅋㅋㅋㅋㅋㅋㅋㅋㅋㅋ
2020,9,24,pm,6,11,user4,걍선긋네요 형
2020,9,24,pm,6,11,user2,다들그러기야?ㅠㅠ
2020,9,24,pm,6,12,user5,헉 저지금은안될거가튼데
2020,9,24,pm,6,13,user5,다른날 시간되시나요오
2020,9,24,pm,6,13,user5,이모티콘
2020,9,24,pm,6,14,user2,오우 되죵
2020,9,24,pm,6,14,user2,어차피 어셈블해야되기때무네
2020,9,24,pm,6,15,user2,창범오빠 그거 마감일알어?
2020,9,24,pm,6,15,user1,ㄱㄷ
2020,9,24,pm,6,15,user2,죠르디한테 알려줘
2020,9,24,pm,6,16,user1,10/9 임다
2020,9,24,pm,6,16,user1,죠르디는 ㄱㄷ
2020,9,24,pm,6,18,user5,저 계속 학교쪽에잇어서 편하실때 말해주심 가겟슴니당!!
2020,9,24,pm,6,20,user1,일정 공유 : scm경진대회 마감
2020,9,24,pm,6,20,user2,죠르디 커여웡
2020,9,24,pm,6,20,user2,추석전에 봐야것네 그제?
2020,9,24,pm,6,21,user1,사진
2020,9,24,pm,6,21,user1,그래야겠당
2020,9,24,pm,6,22,user2,참가비 우리 안냇엇지?
2020,9,24,pm,6,22,user2,26일 저녁이나 27일에 다들 모하시는지
2020,9,24,pm,6,23,user1,안냈징
2020,9,24,pm,6,23,user1,난 프리
2020,9,24,pm,6,23,user3,27일은 가능
2020,9,24,pm,6,23,user3,26일 나 판교
2020,9,24,pm,6,24,user2,성훈오빠 저녁먹고 모해요
2020,9,24,pm,6,24,user2,고잔동 드라이브오시죠
2020,9,24,pm,6,24,user2,창범오빠도
2020,9,24,pm,6,24,user2,ㅋㅋ
2020,9,24,pm,6,24,user2,상주니 밥먹고 온다네요
2020,9,24,pm,6,24,user2,환영해줍시다
2020,9,24,pm,6,24,user1,ㅋㅋㅋㅋㅋㅋㅋㅋㅋㅋㅋㅋㅋㅋㅋㅋㅋㅋㅋㅋㅋㅋㅋㅋㅋㅋㅋㅋ
2020,9,24,pm,6,24,user1,못가..
2020,9,24,pm,6,24,user1,아냥ㅇ이야..
2020,9,24,pm,6,24,user2,카카오바이크 개시 한번 해봐요 성훈좌
2020,9,24,pm,6,25,user2,개조은데
2020,9,24,pm,6,25,user4,26
2020,9,24,pm,6,25,user2,지수 27일되나여?/??
2020,9,24,pm,6,28,user5,넹되요!!
2020,9,24,pm,6,29,user2,그럼 27일 일요일 오후 6시에 한대앞역 달콤커피에서 뵙죠
2020,9,24,pm,6,30,user2,시간괜찮나여?
2020,9,24,pm,6,30,user5,네에조아용
2020,9,24,pm,6,31,user1,네에
2020,9,24,pm,6,31,user3,나 오늘 인턴했던데에서 멘토링
2020,9,24,pm,6,31,user3,아 까먹고있었네
2020,9,24,pm,6,31,user3,ㅇㅋㅇㅋ
2020,9,24,pm,6,33,user4,넴
2020,9,24,pm,6,51,user2,톡게시판 '공지': 그럼 27일 일요일 오후 6시에 한대앞역 달콤커피에서 뵙죠
2020,9,24,pm,8,2,user2,mysql
2020,9,24,pm,8,2,user2,vs code
2020,9,24,pm,8,2,user2,설치해오세여 ㅋㅋ
2020,9,24,pm,8,5,user2,https://www.opentutorials.org/course/195
2020,9,24,pm,8,5,user2,https://www.opentutorials.org/course/3347
2020,9,24,pm,8,23,user5,네엡
2020,9,24,pm,8,51,user1,이모티콘
2020,9,27,pm,2,27,user1,좀따봐
2020,9,27,pm,2,32,user3,세아 올꺼지????ㅋㅋㅋㅋㅋㅋㅋ
2020,9,27,pm,2,34,user2,ㅋㅋㅋㅋㅋㅋ당연가죵
2020,9,27,pm,2,35,user2,서핑즐기고도 갈건 다갑니다ㅋㅋㅋㅋㅋㅋ
2020,9,27,pm,2,35,user2,사진
2020,9,27,pm,2,38,user3,그래요 재밌게 놀다와 ㅋㅋㅋㅋ
2020,9,27,pm,7,40,user1,대회 문제
2020,9,27,pm,7,55,user1,도깨비왕감자탕
2020,9,27,pm,9,0,user2,ㅋㅋㅋ상준이 택시4분컷햇네
2020,9,27,pm,9,0,user4,빨리가달라고부탁드리니까
2020,9,27,pm,9,0,user4,개빠름 ;;
2020,9,27,pm,9,2,user3,학생증없어서 찍는척하고 셔틀탐 ㅋㅋㅋㅋㅋㅋ
2020,9,27,pm,9,2,user2,다들 한따까리씩하면서 잘 가고있군요
2020,9,27,pm,9,5,user4,아맞다 47000원 인당 9400원씩 보내주세요~~
2020,9,27,pm,9,5,user4,카페 토스 다해요~
2020,9,27,pm,9,5,user4,941602 00 340771 국민
2020,9,27,pm,9,5,user2,보냈움
2020,9,27,pm,9,5,user4,넴~
2020,9,27,pm,9,5,user4,으우리다음에
2020,9,27,pm,9,5,user4,언제쯤마나 ??
2020,9,27,pm,9,5,user4,만
2020,9,27,pm,9,5,user1,안보냈음
2020,9,27,pm,9,6,user2,수요일 낮에 혹싀 다들 모하세요
2020,9,27,pm,9,8,user3,나 한 3시쯤 본가 갈생각이었음
2020,9,27,pm,9,9,user2,아침팟 ㄱ??
2020,9,27,pm,9,9,user2,저도 그쯤 본가가요
2020,9,27,pm,9,10,user5,헉 저 두시반까지 알바가 잇어욤..ㅠㅠ
2020,9,27,pm,9,10,user2,그거말고는업나요??
2020,9,27,pm,9,11,user5,넵넵
2020,9,27,pm,9,12,user1,난 됩니다
2020,9,27,pm,9,17,user2,상준이듀 무ㅜㄴ가 될고같에
2020,9,27,pm,10,50,user4,ㄴㄴ 뭐없다
2020,9,27,pm,10,59,user2,성훈오빠도 아침팟 갠차나요?
2020,9,27,pm,11,0,user2,한12시 11시?
2020,9,27,pm,11,2,user2,다같이코딩이나합시다
2020,9,27,pm,11,4,user3,ㅇㅋㅇㅋ
2020,9,27,pm,11,22,user2,다른분들 11시랑12시중에 모가좋나요
2020,9,27,pm,11,24,user1,11시욥
2020,9,27,pm,11,24,user3,11시 ㅇㅋ
2020,9,27,pm,11,27,user4,저는괜찮습니당
2020,9,29,pm,5,34,user2,사진
2020,9,29,pm,5,34,user1,삭제된 메시지입니다.
2020,9,29,pm,5,34,user1,개요 오른쪽엔 아직 수치들이 안정해져서  일단 킵
2020,9,29,pm,5,36,user2,라이센스언제받을예정??
2020,9,29,pm,5,37,user2,내일 학교에서볼까?
2020,9,29,pm,5,37,user1,야
2020,9,29,pm,5,37,user2,라이센스받을겸
2020,9,29,pm,5,37,user1,받아왔다
2020,9,29,pm,5,37,user2,와우
2020,9,29,pm,5,37,user2,이모티콘
2020,9,29,pm,5,37,user1,ㅅㅅ
2020,9,29,pm,5,37,user1,그
2020,9,29,pm,5,37,user1,받아왔긴 함
2020,9,29,pm,5,37,user2,재빠르네
2020,9,29,pm,5,37,user1,너꺼 받아야할텐데
2020,9,29,pm,5,37,user1,rps 버전
2020,9,29,pm,5,37,user2,왔'긴'함
2020,9,29,pm,5,37,user2,이라니
2020,9,29,pm,5,37,user1,꽉 찼을듯
2020,9,29,pm,5,37,user1,엔테프라이즈
2020,9,29,pm,5,37,user2,엔터프라이즈?
2020,9,29,pm,5,37,user1,애들 다 가져갔을거 같은데
2020,9,29,pm,5,37,user2,씌부레
2020,9,29,pm,5,37,user2,누구꺼 뺏어야겟다
2020,9,29,pm,5,37,user2,뉴구들어?
2020,9,29,pm,5,38,user1,성훈이형도 뺏겨서 디자인일걸
2020,9,29,pm,5,38,user2,18톡에뿌려봐
2020,9,29,pm,5,38,user2,세아언니가 깊티쏜다고
2020,9,29,pm,5,38,user2,바꾸자해줘
2020,9,29,pm,5,38,user2,필요도없음서 누가 가져간겨
2020,9,29,pm,5,38,user2,ㅠㅠ
2020,9,29,pm,5,38,user1,ㅋㅋㅋㅋㅋㅋㅋㅋㅋㅋㅋㅋㅋㅋㅋ
2020,9,29,pm,5,38,user2,암튼가보고
2020,9,29,pm,5,38,user2,연락할게
2020,9,29,pm,5,38,user1,그랭
2020,9,29,pm,5,38,user1,아 그리고
2020,9,29,pm,5,38,user1,이제 와이파이 다른걸로 들어가야 해
2020,9,29,pm,5,39,user2,오..
2020,9,29,pm,5,39,user1,meetongroom
2020,9,29,pm,5,39,user1,원래 이건가?
2020,9,29,pm,5,39,user1,csicsicsi
2020,9,29,pm,5,39,user2,팩토리와이파이는 없앳대?
2020,9,29,pm,5,39,user1,이게 비번이고
2020,9,29,pm,5,39,user1,나머지 세팅은 같아
2020,9,29,pm,5,39,user1,그건 몰겠음
2020,9,29,pm,5,39,user2,미팅룸이 그 씨엔씨컴터잇는쪽 꾸진공유기인데
2020,9,29,pm,5,39,user2,ㅋㅋㅋ
2020,9,29,pm,5,39,user1,ㅋㅋㅋㅋㅋㅋㅋㅋㅋㅋㅋㅋㅋㅋㅋㅋㅋㅋㅋㅋㅋㅋㅋㅋㅋㅋㅋㅋㅋ
2020,9,29,pm,5,45,user1,지수는 알바땜시 못오니깐 우리가 한거 ppt 올려주면 읽어보고 이해하고 담에 왕
2020,9,29,pm,5,45,user1,이모티콘
2020,9,29,pm,5,50,user2,이모티콘
2020,9,29,pm,5,51,user2,아앗이게아니고
2020,9,29,pm,5,51,user2,이모티콘
2020,9,29,pm,5,51,user1,야야;;ㅋㅋ
2020,9,29,pm,5,53,user3,ㅋㅋㅋㅋㅋㅋㅋㅋㅋㅋ
2020,9,29,pm,5,53,user3,나 근데 뭔가 손댈게없는데??
2020,9,29,pm,5,53,user1,그럼 개요 오른쪽에
2020,9,29,pm,5,53,user1,뭐 넣ㅇㅡㄹ까 고미ㅏㄴ좀
2020,9,29,pm,5,53,user1,고민좀
2020,9,29,pm,5,53,user1,ㅋㅋ
2020,9,29,pm,5,53,user3,simple is the best
2020,9,29,pm,5,54,user3,뭐있으면 난잡할 것 같은데
2020,9,29,pm,5,57,user1,우리 개선결과
2020,9,29,pm,5,57,user1,넣어야하눈거 아님??
2020,9,29,pm,6,1,user3,일단 그냥 디자인만 넣었어
2020,9,29,pm,6,3,user2,나 200원만빌려줄사람
2020,9,29,pm,6,3,user2,신한110521165604
2020,9,29,pm,6,3,user2,1400원짜리우유 사고싶은데
2020,9,29,pm,6,3,user2,통장에 1233원있어
2020,9,29,pm,6,3,user2,ㅠㅠㅠㅠㅠㅠㅠㅠㅠㅠㅠㅠㅠㅠㅠㅠ
2020,9,29,pm,6,6,user2,사진
2020,9,29,pm,6,6,user2,성훈햄
2020,9,29,pm,6,6,user2,이모티콘
2020,9,29,pm,6,49,user2,내일아침9시까지 자료보내겟읍니다
2020,9,29,pm,9,42,user5,네에ㅠㅠㅠㅠ죄송해요ㅠㅠ
2020,9,29,pm,9,50,user1,이모티콘
2020,9,29,pm,10,48,user4,거럼 내일 학교에서 보는겁니까??
2020,9,29,pm,11,57,user1,한대앞역이 낫지않나?
2020,9,29,pm,11,58,user2,응응 라이센스안받을거면ㅇㅇ
2020,9,30,am,1,23,user4,저는 상관없슴돠
2020,9,30,am,9,45,user3,어디서 봐?
2020,9,30,am,9,45,user3,달콤?
2020,9,30,am,9,46,user2,거기괜찮지않아여?
2020,9,30,am,9,56,user2,ㄴㄴ?
2020,9,30,am,9,59,user3,괜찮았어 ㅋㅋㅋ
2020,9,30,am,10,0,user3,11시까지 갈께 ㅋㅋ
2020,9,30,am,10,10,user1,ㅋㅋㅋㅋㅋㅋㅋㅋㅋㅋ
2020,9,30,am,10,41,user1,쟈철
2020,9,30,am,10,41,user1,탑승
2020,9,30,am,10,44,user2,ㄷㄷ
2020,9,30,am,10,44,user1,배고파
2020,9,30,am,10,44,user2,늦게온사람이
2020,9,30,am,10,44,user2,허니브레드
2020,9,30,am,10,44,user2,쏠거니깐
2020,9,30,am,10,44,user2,걱정ㄴㄴ
2020,9,30,am,10,44,user2,ㅎㅎ
2020,9,30,am,10,46,user2,농수산물시장 어제오늘 진심 미어터짐
2020,9,30,am,10,46,user2,경찰버스 통째로와서 교통정리
2020,9,30,am,10,48,user3,난 택시탐
2020,9,30,am,10,48,user3,허니브레드보다 이게 더 싸다
2020,9,30,am,10,48,user2,카카오바이크타시지
2020,9,30,am,10,48,user2,지쿠터도잇고..
2020,9,30,am,10,48,user1,ㄸ
2020,9,30,am,10,48,user3,짐이 있어 ㅋㅋㅋㅋㅋ
2020,9,30,am,10,48,user1,ㄷ ㄷ
2020,9,30,am,10,48,user2,ㄷㄷ
2020,9,30,am,10,48,user3,서울가야해서
2020,9,30,am,10,49,user1,내돈내산 허니브레드 각인가
2020,9,30,am,10,49,user2,ㅋㅋㅋㅋㅋㅋㅋ
2020,9,30,am,10,49,user2,내돈내산 리뷰 가볼게요~~~^^
2020,9,30,am,10,50,user1,이모티콘
2020,9,30,pm,12,10,user2,python -m venv myvenv
2020,9,30,pm,12,12,user2,. myvenv/Scripts/activate
2020,9,30,pm,12,22,user2,https://mishka.kr/2019/06/24/vscode-gitbash/
2020,9,30,pm,12,31,user1,이상한거 빼놨음
2020,9,30,pm,2,13,user2,https://lhy.kr/lecture/python-environment-setting-windows
2020,9,30,pm,5,53,user1,아 mysql 다 지우고 다시 다 깔아서
2020,9,30,pm,5,53,user1,됐다
2020,9,30,pm,5,53,user1,wjsckdqja1@
2020,9,30,pm,5,54,user1,비밀번호 무덤까지 가져간다
2020,9,30,pm,6,1,user2,ㅋㅋㅋㅋㅋㅋㅋㅋㅋㅋㅋㅋㅋㅋ
2020,9,30,pm,6,1,user2,그런 헷갈리능거 하지말랑께
2020,9,30,pm,6,4,user1,ㅋㅋㅋㅋㅋㅋㅋㅋㅋㅋㅋㅋㅋㅋㅋㅋㅋㅋㅋㅋㅋㅋㅋㅋ
2020,10,3,pm,7,9,user2,당첨됐습니꽈?
2020,10,3,pm,7,12,user1,이재원
2020,10,3,pm,7,12,user1,에어팟 프로
2020,10,3,pm,7,12,user1,배아프다
2020,10,3,pm,7,15,user2,ㅋㅋㅋㅋㅋㅋㅋㅋㅋㅋㅋㅋㅋㅋㅋㅋ
2020,10,3,pm,7,18,user3,삭제된 메시지입니다.
2020,10,3,pm,7,18,user3,축하해 ^^
2020,10,4,am,12,39,user2,트럭 작업시간 38분인거 의도한건가요 창범님
2020,10,4,am,12,51,user1,넵???
2020,10,4,am,12,51,user1,어디에욥?!
2020,10,4,am,12,52,user2,사진
2020,10,4,am,12,52,user2,여기여
2020,10,4,am,12,54,user1,아
2020,10,4,am,12,54,user1,의도하지 않았습니다
2020,10,4,am,12,54,user1,평균으로 바꿀까
2020,10,4,am,12,55,user2,사진
2020,10,4,am,12,55,user2,네 안그래도 이러케 바꿔놨어요
2020,10,4,am,12,55,user1,굿
2020,10,4,am,1,0,user3,데마 못해먹겠어요
2020,10,4,am,1,0,user2,조의를 표할 뿐 저는 할 수 있는 게..
2020,10,4,am,1,1,user3,써니 교수님 전 이정도인가봐요
2020,10,7,pm,4,37,user1,사진
2020,10,7,pm,4,45,user1,님들 금욜날 봐야겠죵
2020,10,7,pm,4,45,user1,ㅋㅌㅋㅋ
2020,10,7,pm,4,45,user1,마감일 입니다
2020,10,7,pm,4,49,user3,헐 나 금욜안되는데
2020,10,7,pm,4,51,user1,엥
2020,10,7,pm,4,51,user1,에반디!
2020,10,7,pm,5,14,user3,금욜 제출이면 목욜에 해야하지않음?
2020,10,7,pm,5,17,user1,금욜까지임!
2020,10,7,pm,5,17,user1,목욜은
2020,10,7,pm,5,17,user1,나랑 세아
2020,10,7,pm,5,17,user1,다른 공모전 회의 있옹
2020,10,7,pm,5,17,user2,그럼 그 목욜을 다른날로 옮기든지
2020,10,7,pm,5,17,user2,아님 지금 모이든지
2020,10,7,pm,5,17,user2,나 저녁에 약속없어
2020,10,7,pm,5,17,user2,ㅎㅎ
2020,10,7,pm,5,17,user1,ㅋㅋㅋㅋㅋㅋㅋㅋㅋㅋㅋㅋㅋㅋㅋㅋㅋ
2020,10,7,pm,5,17,user1,나 지금 한대앞역 이긴 함
2020,10,7,pm,5,17,user1,ㅋㅋㅋㅋㅋㅋㅋㅋㅋㅋㅋ
2020,10,7,pm,5,18,user2,ㅋㅋㅋㅋㅋㅋㅋㅋㅋㅋㅋㅋㅋㅋ
2020,10,7,pm,5,18,user2,와라
2020,10,7,pm,5,18,user2,ㅋㅋㅋㅋㅋㅋㅋㅋㅋ
2020,10,7,pm,5,19,user1,@유저5 @유저4
2020,10,7,pm,5,19,user3,ㅋㅋㅋㅋ나오늘 저녁에 여자친구 데리러가야댐
2020,10,7,pm,5,19,user3,갔다오면 조금 늦어
2020,10,7,pm,5,21,user5,전학교에용 몇시쯤만나요??
2020,10,7,pm,5,28,user4,저 서울이에요
2020,10,7,pm,5,30,user1,ㅋㅋ
2020,10,7,pm,5,30,user1,이모티콘
2020,10,7,pm,5,30,user1,어떡하지
2020,10,7,pm,5,35,user2,일단 창범 오시죠
2020,10,7,pm,5,35,user2,ㅋㅋㅋㅋㅋㅋ
2020,10,7,pm,5,37,user1,어디로?!
2020,10,7,pm,5,37,user1,한대앞역 달콤?!
2020,10,7,pm,5,37,user1,나 투썸에서 공부즁
2020,10,7,pm,5,38,user2,ㅇㅋ글로갈겡
2020,10,7,pm,5,39,user1,지수도 건너와
2020,10,7,pm,7,48,user2,이거에서 더 수정된겨?
2020,10,7,pm,7,49,user1,아니
2020,10,7,pm,7,49,user2,ㄷㄷ
2020,10,7,pm,7,49,user2,그럼내가올린게최신임
2020,10,7,pm,7,49,user1,ㅇㅋ
2020,10,7,pm,8,2,user1,다들 이메일좀 적어줭
2020,10,7,pm,8,2,user1,@유저4  @한성훈
2020,10,7,pm,8,3,user5,kgs1054@naver.com
2020,10,7,pm,8,3,user3,hansh696@gmail.com
2020,10,7,pm,8,3,user2,wantedsaea@gmail.com
2020,10,7,pm,8,10,user1,https://groovypark.github.io/2018/02/23/flowchart-with-google-drive/
2020,10,7,pm,8,38,user4,dbstkdwns147@naver.com
2020,10,7,pm,8,38,user4,입니다!
2020,10,7,pm,10,9,user2,https://lemontia.tistory.com/756
2020,10,7,pm,11,45,user2,내일
2020,10,7,pm,11,45,user2,1시
2020,10,7,pm,11,45,user2,상준 내일수업있어??
2020,10,7,pm,11,45,user4,내일 영어가 2시에ㅜ끝나
2020,10,7,pm,11,46,user2,ㅇㅋ끝나는대로 합류하시오
2020,10,7,pm,11,46,user4,사진
2020,10,7,pm,11,46,user4,어디루 ?
2020,10,7,pm,11,46,user2,한대앞 음.. 달콤갈까 아니면... 레이지그라운드 가야될까
2020,10,7,pm,11,48,user1,한대앞...
2020,10,7,pm,11,48,user1,please..
2020,10,7,pm,11,48,user2,ㅎㅎㅎㅎ오래걸릴까봐그렇징
2020,10,7,pm,11,48,user2,달콤에서 쇼부를 보자..
2020,10,7,pm,11,48,user1,ㅇㅈ
2020,10,7,pm,11,48,user2,휴..^^*
2020,10,7,pm,11,54,user2,오늘 케익 고마워써요 지수..><
2020,10,7,pm,11,54,user1,이모티콘
2020,10,7,pm,11,54,user4,진짜 맛있었어요~~
2020,10,8,am,12,6,user1,ㅋㅋㅋㅋ
2020,10,8,am,12,12,user5,ㅋㅋㅋㅋㅋㅋㅋㅋ
2020,10,8,am,12,13,user5,이모티콘
2020,10,8,pm,1,0,user3,언제와
2020,10,8,pm,1,0,user1,형 ㅇㄷ?
2020,10,8,pm,1,1,user1,나 곧 출발
2020,10,8,pm,1,1,user3,나 달콤 옴
2020,10,8,pm,1,1,user2,저두곧출발..
2020,10,8,pm,1,7,user1,형 과제하구있어
2020,10,8,pm,1,58,user1,하나은행 44891033248307
2020,10,8,pm,1,58,user2,머냐
2020,10,8,pm,1,58,user1,참가비가 1인당 2만인데
2020,10,8,pm,1,59,user1,학회비로
2020,10,8,pm,1,59,user1,1만원씩 내주고
2020,10,8,pm,1,59,user2,왜 걍 다내줘
2020,10,8,pm,1,59,user1,만언씩만. ㄱ ㄱ
2020,10,8,pm,1,59,user2,어따쓸라고
2020,10,8,pm,1,59,user1,학회지
2020,10,8,pm,1,59,user1,비 좀
2020,10,8,pm,1,59,user1,ㅇ남겨놓게
2020,10,8,pm,1,59,user2,왜
2020,10,8,pm,1,59,user1,나중에 쓰겠지
2020,10,8,pm,1,59,user2,ㄷㄷ
2020,10,8,pm,1,59,user2,마지막처럼~마마 마지막처럼~
2020,10,8,pm,2,0,user1,상준이한테 잘 물려줘야지 ㅋㅋ
2020,10,8,pm,2,0,user1,이모티콘
2020,10,8,pm,2,0,user1,만언씩만 ㄱ ㄱ
2020,10,8,pm,2,0,user2,시러 나 돈없어
2020,10,8,pm,2,1,user2,교수님 컨택 안했어>
2020,10,8,pm,2,1,user2,쓸떄서~~~~~제발~~`
2020,10,8,pm,2,8,user1,이모티콘
2020,10,8,pm,2,9,user1,학회비 끝임 ㅋㅋㅋ
2020,10,8,pm,2,9,user1,그럼 3이서 봄에도 했으니
2020,10,8,pm,2,9,user1,상준 지수만. 만언씩 내자
2020,10,8,pm,2,10,user1,창욱쓰한테 멜버내놈. 어제
2020,10,8,pm,2,10,user1,근데 답장안와
2020,10,8,pm,2,10,user4,지금달콤에 계십니까
2020,10,8,pm,2,11,user3,ㅇㅇ
2020,10,8,pm,2,13,user1,10분후 도착
2020,10,8,pm,3,26,user3,사진
2020,10,9,pm,1,56,user2,이모티콘 성훈좌의 생일을 축하합니다
2020,10,9,pm,1,57,user3,ㅎㅎㅎㅎㅎ고생많았어 다들
2020,10,9,pm,1,57,user3,감사합니다
2020,10,9,pm,2,14,user5,이모티콘 생일축하드려욤!!
2020,10,9,pm,3,5,user2,사진
2020,10,9,pm,3,5,user2,빨리 나 칭찬해
2020,10,9,pm,3,5,user2,사진
2020,10,9,pm,3,5,user2,아 이거다
2020,10,9,pm,3,7,user1,핸드폰 바꿨네 신형으로
2020,10,9,pm,3,7,user1,ㅋㅋ
2020,10,9,pm,3,10,user2,앱도 ㅐ새로 깔았어
2020,10,9,pm,3,19,user3,고생해쓰!!
2020,10,9,pm,3,48,user2,기대효과쪽좀 이쁘게 써줄사람
2020,10,9,pm,3,48,user2,난 할만큼햇따
2020,10,9,pm,3,50,user2,흠 기다려봐아직 다운 ㄴ
2020,10,9,pm,3,56,user2,기대효과 이쁘게좀 수정해줄사람
2020,10,9,pm,3,56,user2,수정해줄지수
2020,10,9,pm,3,56,user2,수정해줄상준
2020,10,9,pm,3,56,user2,ㅎㅎ
2020,10,9,pm,3,56,user2,글고 부록 뺴야될듯?
2020,10,9,pm,4,1,user1,페이지가 초과되는구망
2020,10,9,pm,4,1,user1,만
2020,10,9,pm,4,1,user2,ㅇㅇ
2020,10,9,pm,4,16,user4,ㅇㅎ
2020,10,9,pm,4,26,user2,누가해서낼거야
2020,10,9,pm,4,27,user2,마감시간다가오고있어
2020,10,9,pm,4,27,user2,ㅠ
2020,10,9,pm,4,27,user4,지금 그냥 정렬같은거하고있는디
2020,10,9,pm,4,27,user4,몇시까지야
2020,10,9,pm,4,28,user5,저 지금 지하철이라서
2020,10,9,pm,4,29,user5,30분? 정도잇다 수정핡욤!!ㅠㅠ
2020,10,9,pm,5,2,user1,내가
2020,10,9,pm,5,2,user1,다듬어서 낼겡
2020,10,9,pm,5,13,user1,교수님은 강맹규 교수님
2020,10,9,pm,5,13,user1,지도교수님 구했당
2020,10,9,pm,5,22,user2,오오
2020,10,9,pm,5,22,user2,부타캐
2020,10,9,pm,5,22,user2,나이제 노트북없이나가
2020,10,9,pm,5,48,user1,ㅇㅋ
2020,10,9,pm,6,48,user2,기대효과 표 그대로넣었네
2020,10,9,pm,6,48,user2,문장도 단어가 짤리고 ㅋㅋㅋ
2020,10,9,pm,7,44,user1,오디)
2020,10,9,pm,7,44,user1,?
2020,10,9,pm,8,16,user1,물류산업 양극화 할 때
2020,10,9,pm,8,16,user1,물류산업 짤린거 말하는거구망
2020,10,9,pm,9,19,user1,아 기대효과 꾸미라는게
2020,10,9,pm,9,19,user1,그 밑에 정량적 정성적 그거 말하는 줄 암
2020,10,9,pm,9,19,user1,표 테마에 맞게 깔끔하게 바꿈
2020,10,9,pm,9,19,user1,10시 반쯤 낸다
2020,10,9,pm,10,30,user1,제출 했습니다 여러분
2020,10,9,pm,10,30,user1,ㅋㅋㅋㅋㅋㅋㅋㅋㅋ ㅋㅋㅋㅋ ㅋㅋㅋㅋ ㅋㅋ
2020,10,9,pm,10,30,user1,고생 많았어요 다들
2020,10,9,pm,10,50,user2,오오
2020,10,9,pm,10,50,user2,아아주예쁘군뇨
2020,10,9,pm,10,50,user2,고생하셧습미다
2020,10,9,pm,10,50,user2,이모티콘
2020,10,9,pm,10,58,user4,정말 고생많으셨습니다!
2020,10,9,pm,11,46,user5,헉정말정말고생많으셧어요..ㅠㅠ!!!!
2020,10,16,pm,11,25,user1,사진
2020,10,16,pm,11,27,user2,아 개놀랫네
2020,10,16,pm,11,27,user2,죄송하대서
2020,10,16,pm,11,27,user2,일단놀랫어
2020,10,16,pm,11,27,user1,ㅋㅋㅋㅋㅋㅋㅋ
2020,10,16,pm,11,27,user1,아니 오늘 발표날인데
2020,10,16,pm,11,27,user1,메일이 안와서
2020,10,16,pm,11,27,user1,떨어진줄 알았네
2020,10,20,pm,5,5,user2,30분안에결과나온대
2020,10,20,pm,5,6,user2,메일과홈페이지에
2020,10,20,pm,5,6,user2,http://www.kscm.org/main/sub.asp?avan=1002010000&bs_code=board1&
2020,10,20,pm,5,24,user1,zzzzzzzzz
2020,10,20,pm,5,24,user1,ㅋㅋㅋㅋㅋㅋㅋㅋㅋㅋ
2020,10,20,pm,5,24,user1,ㅇㅋ
2020,10,20,pm,5,34,user1,붙음
2020,10,20,pm,5,34,user1,ㅅㄱㅇ
2020,10,20,pm,5,41,user1,사진
2020,10,20,pm,5,43,user1,다들 왜 반으이 업서
2020,10,20,pm,5,44,user2,내마리
2020,10,20,pm,5,45,user3,우와
2020,10,20,pm,5,45,user1,ㅋㅋㅋㅋㅋㅋㅋㅋㅋㅋㅋㅋㅋㅋㅋㅋㅋㅋㅋㅋㅋ
2020,10,20,pm,5,46,user2,아니지금 줠래호들갑떨고시픈데
2020,10,20,pm,5,46,user2,주변에아무도업슴
2020,10,20,pm,5,46,user2,한대앞가면 호들갑받아줌?
2020,10,20,pm,5,46,user2,ㅅㅂㅅㅂㅅㅂㅅㅂ
2020,10,20,pm,5,46,user1,ㅇㅈ
2020,10,20,pm,5,47,user1,@유저4  @유저5   머해 고려대들을 뚫고 당당히 붙었는데
2020,10,20,pm,5,47,user5,우와아ㅏㅏ 고생많으셧어용ㅠㅠㅠ
2020,10,20,pm,5,47,user5,ㅇ앗
2020,10,20,pm,5,47,user5,쓰고잇엇어용
2020,10,20,pm,5,47,user5,ㅋㅋㅋㅋㅋㅋ
2020,10,20,pm,5,56,user4,ㅋㅋㅋㅋㅋㅋㅋㅋㅋㅋㅋㅋㅋㅋㅋㅋ
2020,10,20,pm,5,56,user4,대ㅡㅡㅡ박
2020,10,20,pm,5,57,user1,반응이 쫌..
2020,10,20,pm,5,58,user4,이모티콘
2020,10,20,pm,5,58,user4,이모티콘
2020,10,20,pm,5,58,user4,이모티콘
2020,10,20,pm,5,58,user4,이모티콘
2020,10,20,pm,5,58,user4,이모티콘
2020,10,20,pm,5,58,user4,이모티콘
2020,10,20,pm,5,58,user4,이모티콘
2020,10,20,pm,5,58,user1,이모티콘
2020,10,20,pm,6,1,user5,이모티콘 2차는언제에용????
2020,10,20,pm,6,1,user1,29일 목욜
2020,10,20,pm,6,1,user1,2시
2020,10,20,pm,6,1,user1,zoom 온라인
2020,10,20,pm,6,1,user1,ㅋㅋㅋ
2020,10,20,pm,6,2,user4,그럼 목욜에 어디로 모여요 ?
2020,10,20,pm,6,2,user1,ㅋㅋㅋㅋㅋㅋㅋㅋㅋㅋㅋㅋㅋㅋ 놀팩 방 빌려야하나
2020,10,20,pm,6,3,user2,무슨 잡머시기 공간있다고 문자오던데
2020,10,20,pm,6,3,user1,세아야 혹시 나 밴드 초대 가능?
2020,10,20,pm,6,3,user1,밴드 아이디 잊어버림
2020,10,20,pm,6,3,user1,못찼겠어 엉엉
2020,10,20,pm,6,4,user2,ㅁㅊㅋㅋㅋㅋㅋㅋㅋ
2020,10,20,pm,6,4,user2,폰번호로도안돼?
2020,10,20,pm,6,5,user1,아
2020,10,20,pm,6,5,user1,찾았다
2020,10,20,pm,6,5,user1,ㄳ
2020,10,20,pm,6,6,user4,옆에서 영커듣고
2020,10,20,pm,6,6,user4,바로해야되는구만
2020,10,20,pm,6,6,user4,하핳
2020,10,20,pm,6,20,user1,'Simulation & Scm Group' 밴드로 초대합니다.
2020,10,20,pm,6,20,user1,지수 성훈형 상준 ㄱ ㄱ
2020,10,20,pm,6,21,user2,ㄱㄱ
2020,10,20,pm,6,21,user2,신년회 인원이 늘고있군..
2020,10,20,pm,6,22,user1,사진
2020,10,20,pm,6,22,user1,상 박하게 준다
2020,10,20,pm,6,22,user1,우수랑 장려 사이에 동상 정도 끼워넣지
2020,10,20,pm,6,23,user1,ㅋㅋㅋㅌ
2020,10,20,pm,6,25,user3,나중에 들감
2020,10,20,pm,6,25,user3,밥먹는중
2020,10,21,am,12,25,user1,23시 30분 레그
2020,10,21,am,12,25,user1,땅땅
2020,10,21,am,12,30,user5,넵!
2020,10,26,pm,3,27,user2,자료마무리해서
2020,10,26,pm,3,27,user2,제출좀해줄
2020,10,26,pm,3,27,user2,창범님구함
2020,10,26,pm,3,27,user2,상준님도구함
2020,10,26,pm,3,27,user2,둘이완성해주셈
2020,10,26,pm,3,29,user1,나
2020,10,26,pm,3,29,user1,받아서
2020,10,26,pm,3,29,user1,제출할라함
2020,10,26,pm,3,29,user1,이모티콘
2020,10,26,pm,3,56,user2,굿
2020,10,26,pm,10,53,user1,제출이욘
2020,10,26,pm,11,8,user2,이모티콘
2020,10,28,pm,4,36,user1,마이크달린
2020,10,28,pm,4,36,user1,유선이어폰 있는사람
2020,10,28,pm,4,36,user2,ㅋㅋㅋㅋㅋㅋㅋㅋ
2020,10,28,pm,4,36,user5,저잇어영
2020,10,28,pm,4,36,user2,그걸 10분만 일찍야기하면 내가 갖고나오잖수
2020,10,28,pm,4,36,user2,오오
2020,10,28,pm,4,37,user5,노트북에
2020,10,28,pm,4,37,user5,연결하는거
2020,10,28,pm,4,37,user5,맞죵??
2020,10,28,pm,4,37,user2,에어팟도 연결될텐데
2020,10,28,pm,4,38,user1,짜피
2020,10,28,pm,4,38,user1,내일 쓸거라
2020,10,28,pm,4,38,user1,오늘말한커
2020,10,28,pm,4,38,user1,말한겨ㅋㅋ
2020,10,28,pm,4,38,user2,내일 어디서 어케할꺼야??
2020,10,28,pm,4,39,user3,학교앞에서 허쉴?
2020,10,28,pm,4,42,user1,놀팩 회의실
2020,10,28,pm,4,42,user1,어때연 4층
2020,10,28,pm,4,42,user1,미팅룸
2020,10,28,pm,4,42,user2,거기 울리지않아??
2020,10,28,pm,4,43,user2,강의실하나 빌릴까
2020,10,28,pm,4,43,user1,지금 셤기간이라
2020,10,28,pm,4,43,user1,빈 강의실 생길까 몰겠네
2020,10,28,pm,4,43,user1,그게 딱
2020,10,28,pm,4,43,user1,좋긴한데
2020,10,28,pm,5,46,user3,세아야
2020,10,28,pm,5,46,user3,우리 너무 배고파
2020,10,28,pm,5,47,user1,ㅋㅋㅋㅋㅋㅋㅋㅋㅋㅋㅋㅋㅋㅌ
2020,10,28,pm,5,47,user1,이모티콘
2020,10,28,pm,5,55,user2,ㅋㅋㅋㅋㅋㅋㅋㅋㅋㅋㅋ
2020,10,28,pm,5,56,user2,내가 강력하게 얘기해서
2020,10,28,pm,5,56,user2,빠르게해주셧음
2020,10,28,pm,5,56,user2,컷하러왓는데 컷은 20분도안걸리고
2020,10,28,pm,5,56,user2,대기30분
2020,10,28,pm,5,56,user1,ㅋㅋㅋㅋㅋㅋㅋㅋㅋㅋㅋㅋㅋㅋㅋㅋㅋㅋㅋㅋ
2020,10,28,pm,5,56,user1,배보다 배꼽이 크네 ㄹㅇ
2020,10,28,pm,5,56,user2,샴푸랑 트리트먼트 20분?
2020,10,28,pm,5,56,user2,하고 말리는게 20분
2020,10,28,pm,6,1,user3,그래서 언제와!!!
2020,10,28,pm,6,1,user3,내일 커피플랜트 위에 스터디 카페 회의실 대여했습니다
2020,10,28,pm,6,1,user3,1시반부터 6시까지
2020,10,28,pm,6,1,user3,cost 27000
2020,10,28,pm,6,1,user1,이모티콘
2020,10,28,pm,6,1,user3,output 심한욕
2020,10,28,pm,6,1,user1,상금서 깎지 뭐
2020,10,28,pm,6,3,user2,ㄷㄷ
2020,10,28,pm,6,4,user2,사진
2020,10,28,pm,6,4,user2,[Web발신]
2020,10,28,pm,6,4,user3,엥 여기에 할꺼야?
2020,10,28,pm,6,5,user2,여기 예약가믕하면 여기가낫지않나
2020,10,28,pm,6,5,user3,이미 보냈는데 돈
2020,10,28,pm,6,6,user1,ㅋㅋㅋㅋㅋㅋㅋㅋㅋ
2020,10,28,pm,6,6,user1,그냥 스터디카페 가기로 결정..
2020,10,28,pm,6,7,user1,여긴 한번에 빌릴 수 있는 시간이 제한되어있어서
2020,10,28,pm,6,7,user1,+4시 59분까지 빌릴 수 있는데
2020,10,28,pm,6,7,user1,시간 애매하네
2020,10,28,pm,6,7,user1,장소 자체는
2020,10,28,pm,6,8,user1,ㄹㅇ 우리 등록금이 잘
2020,10,28,pm,6,8,user1,희생되었구만..
2020,10,28,pm,6,9,user2,ㅋㅋㅋㅋㅋㅋㅋㅋㅋㅋㅋㅋㅋ
2020,10,28,pm,6,10,user2,다음엔 저기서하지모
2020,10,28,pm,8,43,user1,낼 1시 10분정도까지 학교로 모여요
2020,10,29,am,10,34,user1,다들 이어폰은 챙겨오슈ᆢㅇ
2020,10,29,pm,12,42,user2,오늘 우리 사진찍쟈
2020,10,29,pm,12,42,user2,가을가을하궤
2020,10,29,pm,12,43,user1,이모티콘
2020,10,29,pm,12,43,user3,ㅋㅋㅋㅋㅋㅋ
2020,10,29,pm,12,44,user3,이쁘게하고가?
2020,10,29,pm,1,3,user1,사진
2020,10,29,pm,1,3,user1,https://us02web.zoom.us/j/81185669968?pwd=MEpzemxReVlvQW4xdEExMTExV3pmZz09
2020,10,29,pm,1,7,user1,대본 뽑고 35분쯤 도착예정
2020,10,29,pm,1,25,user3,커피플랜트 위에 스터디카페로 오세요
2020,10,29,pm,1,27,user5,어떻게들어가용?
2020,10,29,pm,1,28,user3,가는중이에요
2020,10,29,pm,1,28,user5,넵
2020,10,29,pm,2,4,user1,진행하다가 온라인 이슈 혹은 타 이슈로 문제가 되는 경우 01051776351 로 연락주시기 바랍니다.
2020,10,29,pm,3,44,user2,사진
2020,10,29,pm,5,29,user2,사진 12장
2020,10,29,pm,5,31,user2,사진 12장
2020,10,29,pm,6,4,user5,할로윈
2020,10,29,pm,6,4,user2,할로윈
2020,10,29,pm,6,14,user2,사진
