Date,User,Message
2020-03-17 16:42,유저17,유저17 invited 유저21 and.
2020-03-17 16:42,유저17,사회계층론
2020-03-17 16:42,유저17,저희 같은조입니당
2020-03-17 16:42,유저17,ㅎㅎ
2020-03-17 16:42,유저17,근데 재민오빠 번호몰라서
2020-03-17 16:43,유저17,유저18이 초대해야함
2020-03-17 16:43,유저9,감사합니다
2020-03-17 16:43,유저9,!
2020-03-17 16:43,유저18,유저18 invited 유저19.
2020-03-17 16:43,유저18,조 톡방임다~~
2020-03-17 16:44,유저17,안녕하세용!
2020-03-17 16:44,유저19,안녕하세요...!
2020-03-17 16:45,유저20,안녕하세요!
2020-03-17 16:45,유저19,다들 정말
2020-03-17 16:45,유저19,오랜만이네요 ㅎㅎ
2020-03-17 16:45,유저17,ㅎㅎ오랜만이에욥
2020-03-17 16:46,유저17,"그나저나 그룹 구성된거 어디에 말해야하는건가여,,,??"
2020-03-17 16:46,유저21,카페!!
2020-03-17 16:46,유저19,일단 카페에보니까
2020-03-17 16:46,유저19,6개 그룹으로 나뉘어져있긴 해요.
2020-03-17 16:47,유저17,"그 모냐,, 저기 3학년 단톡에서 팀 구성 얘기하고 있는데 저희 조한다고 말해야할까요,,?"
2020-03-17 16:49,유저9,회장님이 전체적으로 관리할 것 같으니까
2020-03-17 16:49,유저20,그러는게 좋을 것 같아욤
2020-03-17 16:49,유저9,3학년 공지방에서 다 짠 팀은 여기 얘기하면 되냐구 물어보면 될거 같아욤
2020-03-17 16:49,유저18,넵넵
2020-03-17 16:49,유저17,넹넹!
2020-03-17 16:50,유저20,저희 계급 지도 그리기는 지금 할까요 나중에 할까요
2020-03-17 16:51,유저20,어느게 더 좋으실까요??
2020-03-17 16:51,유저18,언제 시간되시나요???
2020-03-17 16:51,유저19,온라인으로
2020-03-17 16:51,유저19,할 수 있는거죠?
2020-03-17 16:51,유저20,넵 그래야할 것 같아요!
2020-03-17 16:51,유저17,넹넹
2020-03-17 16:51,유저20,지금 해버릴까요??
2020-03-17 16:52,유저19,지금하는게 마음은 더 편할것같긴 합니당
2020-03-17 16:52,유저17,전 지금 조아용
2020-03-17 16:52,유저18,저도 지금됩니다
2020-03-17 16:52,유저9,저두요~
2020-03-17 16:53,유저21,저두요!
2020-03-17 16:53,유저20,그럼 저희 조장정해서
2020-03-17 16:53,유저20,조장이 의견 수렴해서
2020-03-17 16:53,유저20,대표로 그려요!
2020-03-17 16:53,유저20,아까 줌으로 하는게 편할까요 그냥 카톡으로 할까요?
2020-03-17 16:53,유저17,"흠,,"
2020-03-17 16:54,유저18,흐으으음...
2020-03-17 16:54,유저18,줌 회의하는법
2020-03-17 16:54,유저18,아시는분...?
2020-03-17 16:54,유저20,그냥
2020-03-17 16:54,유저20,만들면되는것같긴해용
2020-03-17 16:54,유저18,근데 저희
2020-03-17 16:54,유저17,저기 저희 했었자나요 재현
2020-03-17 16:54,유저17,아
2020-03-17 16:54,유저18,그냥 도화지에
2020-03-17 16:54,유저18,아
2020-03-17 16:54,유저18,그렇긴한데
2020-03-17 16:54,유저18,그거
2020-03-17 16:54,유저18,교수님이 파셨을걸요
2020-03-17 16:54,유저20,우리도 팔수있어여
2020-03-17 16:54,유저17,우웅
2020-03-17 16:54,유저18,아그래요?
2020-03-17 16:54,유저20,넴
2020-03-17 16:54,유저20,40분 제한이지만여
2020-03-17 16:54,유저17,대신 40분 지나면 칼같이 꺼짐
2020-03-17 16:55,유저18,40분안에
2020-03-17 16:55,유저18,가능?
2020-03-17 16:55,유저9,그럼 꺼지고 다시 바로 못 만드나요?
2020-03-17 16:55,유저18,ㅋㅋㅋㅋㅋㅋ
2020-03-17 16:55,유저9,ㅠ
2020-03-17 16:55,유저18,바로
2020-03-17 16:55,유저18,다른사람이
2020-03-17 16:55,유저17,사람이 돌아가면
2020-03-17 16:55,유저17,서
2020-03-17 16:55,유저18,만들져
2020-03-17 16:55,유저18,ㅋㅋㅋㅋㅋㅋㅋㅋㅋㅋㅋㅋㅋㅋ
2020-03-17 16:55,유저17,하면돼요
2020-03-17 16:55,유저9,아하아하
2020-03-17 16:55,유저18,돌려막기 ㄱㄱ
2020-03-17 16:55,유저20,ㅋㅋㅋㅋㅋㅋㅋㅋㅋ
2020-03-17 16:55,유저17,ㅋㅋㅋㅋㅋㅋㅋㅋㅋㅋㅋㅋ
2020-03-17 16:55,유저20,그럼 줌으로 하는건가용?
2020-03-17 16:55,유저20,다들 괜찮으신가욤?
2020-03-17 16:55,유저19,으악
2020-03-17 16:55,유저18,잠깐만요
2020-03-17 16:55,유저19,노트북다시....
2020-03-17 16:55,유저18,장소를 옮겨야 될 거같은데
2020-03-17 16:55,유저20,아아
2020-03-17 16:55,유저18,지금 팀플실이라서
2020-03-17 16:55,유저18,ㅋㅋㅋㅋㅋㅋㅋㅋㅋㅋㅋㅋㅋㅋㅋ
2020-03-17 16:55,유저21,헉 그럼
2020-03-17 16:55,유저21,한 10분만 후에
2020-03-17 16:56,유저17,그럼 5시 10분에 
2020-03-17 16:56,유저17,제가 팔까여?
2020-03-17 16:56,유저20,넵 그래주시면 감사하겟습니다
2020-03-17 16:56,유저9,감사합니다
2020-03-17 16:56,유저17,넹넹 그럼 5시10분에 할게욥
2020-03-17 16:56,유저20,넵~!
2020-03-17 17:03,유저18,수진이 이러면
2020-03-17 17:03,유저18,서운해
2020-03-17 17:03,유저17,헉 민경아 나 진짜로
2020-03-17 17:03,유저17,의도한거아냐
2020-03-17 17:03,유저17,나 지금 대가리박고잇어
2020-03-17 17:04,유저17,ㅜ
2020-03-17 17:04,유저20,?
2020-03-17 17:04,유저20,왜....?
2020-03-17 17:04,유저17,아 민경이 3학년 단톡에 없어?
2020-03-17 17:04,유저20,아
2020-03-17 17:04,유저18,아 그러네
2020-03-17 17:04,유저18,ㅋㅋㅋㅋㅋㅋㅋㅋㅋㅋㅋ
2020-03-17 17:04,유저20,나 사학년이야 ㅎㅎ
2020-03-17 17:04,유저17,아 모야 유저18 너땜에
2020-03-17 17:04,유저17,들켯자나
2020-03-17 17:04,유저20,왱 무슨일이 있었어
2020-03-17 17:04,유저17,ㅋㅋㅋㅋㅋㅋㅋㅋㅋㅋㅋㅋㅋㅋㅋㅋ
2020-03-17 17:04,유저20,뭐여
2020-03-17 17:04,유저20,뭐야
2020-03-17 17:04,유저20,ㅋㅋㅋㅋㅋㅋㅋㅋㅋㅋㅋ
2020-03-17 17:04,유저18,아그건 몰랏네
2020-03-17 17:04,유저18,ㅋㅋㅋㅋㅋㅋㅋㅋㅋㅋㅋㅋㅋㅋㅋㅋㅋㅋㅋㅋㅋㅋ
2020-03-17 17:04,유저17,내가 3학년 단톡에 조원얘기하는데
2020-03-17 17:04,유저19,저기...
2020-03-17 17:04,유저18,님도
2020-03-17 17:04,유저17,민경이 이름 빼먹었어
2020-03-17 17:05,유저18,혹시 안들어가있어요?
2020-03-17 17:05,유저20,헉
2020-03-17 17:05,유저18,재민씨?
2020-03-17 17:05,유저19,저는그냥
2020-03-17 17:05,유저20,ㅠㅅㅠ
2020-03-17 17:05,유저19,그단톡에 없어요..ㅎ
2020-03-17 17:05,유저18,아
2020-03-17 17:05,유저20,"수진아,,,,,,,,,"
2020-03-17 17:05,유저18,초대해야겠네...
2020-03-17 17:05,유저19,저 초대좀...
2020-03-17 17:05,유저17,헉 초대해드릴게요
2020-03-17 17:05,유저19,ㅋㅋㅋㅋㅋㅋㅋㅋㅋㅋㅋㅋㅋㅋㅋㅋ
2020-03-17 17:05,유저20,이모티콘
2020-03-17 17:05,유저18,초대했슴다..
2020-03-17 17:05,유저17,민경아 나 정말로 반성중이야
2020-03-17 17:05,유저18,ㅋㅋㅋㅋㅋㅋㅋㅋㅋㅋㅋㅋㅋㅋㅋㅋㅋㅋㅋㅋㅋㅋㅋㅋㅋㅋㅋㅋㅋㅋㅋㅋㅋㅋㅋㅋㅋㅋ
2020-03-17 17:06,유저20,이모티콘
2020-03-17 17:06,유저18,근데 없는줄 몰랐네
2020-03-17 17:06,유저20,"나 종이도 준비햇눈데,,,,,"
2020-03-17 17:06,유저18,당연히 있는줄
2020-03-17 17:06,유저18,알았어
2020-03-17 17:06,유저18,와
2020-03-17 17:06,유저18,수진아
2020-03-17 17:06,유저20,이모티콘
2020-03-17 17:06,유저18,...
2020-03-17 17:06,유저17,내가 쓰레기야
2020-03-17 17:06,유저17,ㅜ
2020-03-17 17:06,유저18,ㅋㅋㅋㅋㅋㅋㅋㅋㅋㅋㅋㅋㅋㅋㅋㅋㅋㅋㅋㅋㅋㅋㅋㅋㅋ
2020-03-17 17:06,유저18,훈훈해서
2020-03-17 17:06,유저18,좋네요
2020-03-17 17:06,유저20,"그건 아니야,,,"
2020-03-17 17:06,유저17,ㅋㅋㅋㅋㅋㅋㅋㅋㅋㅋㅋㅋㅋㅋㅋ
2020-03-17 17:06,유저18,아
2020-03-17 17:06,유저20,너 모함하지마
2020-03-17 17:06,유저17,모든건 유저18 때문이자너ㅜ
2020-03-17 17:06,유저20,당연하지
2020-03-17 17:06,유저18,이모티콘
2020-03-17 17:06,유저17,그래 용서해줄게
2020-03-17 17:07,유저19,여러분
2020-03-17 17:07,유저19,개인발표 발제있자나요
2020-03-17 17:07,유저17,넹
2020-03-17 17:07,유저19,그게..그...
2020-03-17 17:07,유저19,발제 12개중에 하나를 골라서 그거를 읽고 그거에 대한 발표를 하면 그냥 끝인가요
2020-03-17 17:08,유저17,"토론 주제도 하나 준비해야할걸요,,?!"
2020-03-17 17:08,유저20,넵 거기에 마지막에 토론점 2개정도? 준비하셔서 발제하시면 돼요
2020-03-17 17:08,유저19,아이고 뭐가이렇게어려울까
2020-03-17 17:08,유저17,https://us04web.zoom.us/j/2336228503
2020-03-17 17:08,유저19,ㅋㅋㅋㅋㅋㅋㅋㅋㅋㅋㅋㅋ적응이 잘 안되네요
2020-03-17 17:08,유저17,여기로 함 들어와보실래요?!? 
2020-03-17 17:10,유저18,나
2020-03-17 17:10,유저18,소리가
2020-03-17 17:10,유저18,안들려
2020-03-17 17:42,유저17,사진
2020-03-17 17:48,유저21,http://blogfiles.naver.net/MjAxOTEyMThfMTEg/MDAxNTc2NjcxOTQxNjE2.qJfhhYbYgUqFSXfjgWs4iPDyZ18cdo5eg3fguAuPqhQg.u1iInB64vzliYFNN633751gpLvm_e46-STOVtGKRXsYg.PNG.ojh919/image.png
2020-03-17 18:02,유저17,사진
2020-03-17 18:04,유저20,사진
2020-03-17 18:06,유저17,사진
2020-03-17 18:09,유저17,사진
2020-03-17 18:17,유저19,오늘 다들 고생많았오요!! 재밌는 팀에 넣어주셔서 감사합니다😊😊
2020-03-17 18:41,유저17,희희 수고하셨습니다
2020-03-17 18:41,유저17,사진
2020-03-17 18:42,유저17,저희는 6조입니당
2020-03-17 18:43,유저9,고생하셨습니다
2020-03-17 18:43,유저9,이모티콘
2020-03-17 18:49,유저18,6조 화이팅~~
2020-03-17 18:49,유저18,이모티콘
2020-03-17 18:58,유저17,사진
2020-03-17 18:59,유저17,ㅠㅜㅜㅠㅜ
2020-03-17 18:59,유저17,왜ㅠ안보냐질까ㅠㅜ
2020-03-17 18:59,유저21,최고최고!!
2020-03-17 18:59,유저17,왜ㅠ안보냐질까ㅠㅜ
2020-03-17 18:59,유저17,안보내져ㅜ
2020-03-17 18:59,유저17,카톡이
2020-03-17 18:59,유저17,"이렇게 해보았습니다,,"
2020-03-17 19:00,유저20,좋습니당!!
2020-03-17 19:03,유저19,완전잘했어요!
2020-03-17 19:03,유저19,카톡이 왜안되지..
2020-03-17 19:04,유저19,퀄리티가 작년꺼보다 훨씬 좋은듯요👍👍
2020-03-17 19:10,유저17,"지금 카톡이 안보내져여,,,"
2020-03-17 19:10,유저17,이제 보내졌다ㅠㅜ
2020-03-17 19:11,유저17,다들 확인하시면 올리도록 하겠습니당
2020-03-17 19:21,유저18,조아요!!
2020-03-17 19:21,유저18,이모티콘
2020-03-17 19:39,유저9,우와ㅏ
2020-03-17 19:39,유저9,고생 하셨어요
2020-03-17 19:39,유저9,이모티콘
2020-03-17 19:59,유저17,그럼 저렇게 제출하겠습니당~!~!
2020-03-17 19:59,유저19,넹넹펀치
2020-03-17 19:59,유저17,이모티콘
2020-03-17 20:30,유저20,넵 감사합니다!
2020-03-31 15:33,유저18,저희
2020-03-31 15:33,유저18,누가하나요!
2020-03-31 15:34,유저19,"그러게요,,,,ㅋㅋㅋㅋㅋㅋㅋ"
2020-03-31 15:34,유저19,사다리타기라도...?
2020-03-31 15:34,유저17,ㅋㅋㅋㅋㅋㅋㅋㅋㅋㅋㅋㅋ
2020-03-31 15:34,유저17,"사다리타기할까여,,,"
2020-03-31 15:35,유저19,다들 저희 그림 어떤의미인지는
2020-03-31 15:35,유저19,알고있으니까...
2020-03-31 15:35,유저17,계층 이동 가능성에 중점을 뒀다고 하면
2020-03-31 15:35,유저17,"되지않을까 생각합니다,,,"
2020-03-31 15:35,유저20,넹넹
2020-03-31 15:35,유저19,사다리타기할까요 그럼??
2020-03-31 15:35,유저9,냉냉
2020-03-31 15:35,유저9,넹넹
2020-03-31 15:35,유저19,카톡에 있지않나요 사다리타기
2020-03-31 15:35,유저18,ㄱㄱ
2020-03-31 15:35,유저17,넵
2020-03-31 15:36,유저18,사다리타기 했나요?
2020-03-31 15:37,유저19,샵검색: #사다리게임
2020-03-31 15:37,유저19,누구죠...
2020-03-31 15:37,유저17,"전가여,,,?"
2020-03-31 15:37,유저17,"제가 폰으로 확인을 못해서,,"
2020-03-31 15:37,유저19,ㅋㅋㅋㅋㅋㅋㅋㅋㅋㅋㅋㅋㅋㅋ
2020-03-31 15:37,유저18,역시...
2020-03-31 15:37,유저18,그린사람이..
2020-03-31 15:37,유저17,"세상에,,,,"
2020-03-31 15:37,유저19,수진...이맞아요...
2020-03-31 15:37,유저17,"예,,,,"
2020-03-31 15:38,유저20,ㅋㅋㅋㅋㅋㅋㅋㅋㅋ
2020-03-31 15:38,유저20,잘할꺼야~!
2020-03-31 15:38,유저9,이모티콘
2020-03-31 15:38,유저19,파이팅...!
2020-03-31 15:38,유저17,"감사합니다,,, 쌉소리 함 늘어놔보겟습니다,,,,"
2020-03-31 15:41,유저19,공격적인 질문오면 도와드리겠습니다
2020-03-31 15:41,유저19,이모티콘
2020-04-07 15:47,유저20,교수님이 소회의실 여셨습니다~!
2020-04-07 15:47,유저18,넵~
2020-04-07 15:48,유저20,채팅방은
2020-04-07 15:49,유저20,"모두에게 보여지는것같아요,,,"
2020-04-07 15:49,유저20,!
2020-04-07 15:50,유저19,아...
2020-04-07 15:50,유저19,그래요..?
2020-04-07 15:50,유저18,저희...
2020-04-07 15:50,유저18,하나요?
2020-04-07 15:51,유저19,채팅창모두에게 보여지면..
2020-04-07 15:51,유저19,큰일나는데...
2020-04-07 16:10,유저18,https://www.dbpia.co.kr/journal/articleDetail?nodeId=NODE00901495
2020-04-07 16:10,유저9,http://kosis.kr/statHtml/statHtml.do?orgId=331&tblId=DT_33109_N246&conn_path=I2
2020-04-07 16:10,유저9,http://udel.edu/stu-org/KGSA/Korean_Occupations.htm
2020-04-07 16:15,유저19,여러분
2020-04-07 16:15,유저19,저 지금 주변이 시끄러워서 여러분이 한말을 잘 못들었는데
2020-04-07 16:16,유저19,회의때 한 거 정리하는거 맞나요?
2020-04-07 16:16,유저18,맞아요
2020-04-07 16:16,유저19,표현법
2020-04-07 16:22,유저21,"1.   [그림적인 부분]
계층 하락의 가능성을 염두 하여 표현 방법으로 층 사이의 구멍을 만들기로 함.
계급을 차지하기 위한 싸움, 그로 인한 하락 등을 그림에서 사람으로 표현하기로 함.
2.   경제적 지위의 기준으로 한국고용정보원 자료를 활용하기로 함. (직업별 평균 연봉)
3.   경제적 지위 외에 사회적 지위, 사유하는 문화, 직업별 선호도, 고용 안정성등 여러가지 기준을 고려하고 찾아보기로 함."
2020-04-07 16:22,유저20,[그림적인 부분] -> 계층이동 하락 가능성 고려
2020-04-07 16:27,유저20,3. (적은 내용 뒤에 추가적으로) -> 경제적 지위 외 반례로 작용하는 요인들에 집중해보고자 함.
2020-04-07 16:29,유저21,"1.   [계층 이동 하락 가능성 고려]
계층 하락의 가능성을 염두 하여 표현 방법으로 층 사이의 구멍을 만들기로 함.
계급을 차지하기 위한 싸움, 그로 인한 하락 등을 그림에서 사람으로 표현하기로 함.
2.   경제적 지위의 기준으로 한국고용정보원 자료를 활용하기로 함. (직업별 평균 연봉)
3.   경제적 지위 외에 사회적 지위, 사유하는 문화, 직업별 선호도, 고용 안정성 등 여러가지 기준을 고려하기로 하고 이에 대한 자료를 찾아보았음. 경제적 지위 외 반례로 작용하는 요인들에 집중해보고자 함. 각 기준 별 계급을 나누는 지표에 대해 토론함.
https://www.dbpia.co.kr/journal/articleDetail?nodeId=NODE00901495
http://kosis.kr/statHtml/statHtml.do?orgId=331&tblId=DT_33109_N246&conn_path=I2
http://udel.edu/stu-org/KGSA/Korean_Occupations.htm"
2020-04-07 16:31,유저20,"1. (계급을 차지하기 위한~) -> 계층 하락에는 같은 계층의 사람들이 해당 계층에 주어진 부를 나누기 위한 다툼이 발생한다고 생각하며, 이로인한 계층하락이 존재할 것으로 판단"
2020-04-07 16:31,유저20,요거 추가 하는 건 어떨까요!
2020-04-07 16:31,유저20,그리고 계급 -> 계층으로 고쳐야 할 것 같아요~
2020-04-07 16:31,유저17,좋아용
2020-04-07 16:33,유저20,1) 사회경제적 지위와 건강의 관계 2) 희망직업 3)  국내 622개 직업별 평균 연봉
2020-04-07 16:33,유저20,링크별로 어떤 링크/논문인지 저렇게 달아주는건 어떨가요?
2020-04-07 16:33,유저18,좋아요~
2020-04-07 16:33,유저21,넹
2020-04-07 16:33,유저21,추가할게요!!
2020-04-07 16:33,유저20,감사합니다!!
2020-04-07 16:33,유저21,그리고 주어진 부라고 하면 
2020-04-07 16:33,유저20,넵
2020-04-07 16:34,유저21,왠지 또
2020-04-07 16:34,유저21,어디서 주언진 부냐고 하면
2020-04-07 16:34,유저21,할 말이 없을 것 같아서
2020-04-07 16:34,유저18,ㅋㅋㅋㅋㅋㅋㅋㅋㅋㅋㅋㅋ]
2020-04-07 16:34,유저20,음
2020-04-07 16:34,유저20,그건
2020-04-07 16:34,유저21,해당계층끼리
2020-04-07 16:34,유저21,부를 나누기 위한 다툼이라고 
2020-04-07 16:34,유저20,전체 부를 기준으로 했을 때 계층별로 주어진 정도?
2020-04-07 16:34,유저21,하면 어때요?_?
2020-04-07 16:34,유저18,할당된 정도...?
2020-04-07 16:34,유저20,라고 대답하면 되지 않을까용
2020-04-07 16:34,유저20,오잉 잠시만요
2020-04-07 16:35,유저20,아아 좋습니다!
2020-04-07 16:35,유저20,더 말이 깔끔한것 같아요
2020-04-07 16:35,유저21,네에에
2020-04-07 16:41,유저21,파일: 사회계층론 4주차 6그룹 회의록.docx
2020-04-07 16:41,유저21,이상없으면 올릴게요!
2020-04-07 16:41,유저21,"확인부탁드려요,,!"
2020-04-07 16:42,유저17,확인했습니당!! 좋아요!!
2020-04-07 16:42,유저19,너무 고생많으셨어요... ㅠㅠ
2020-04-07 16:42,유저20,저도 좋습니다~!
2020-04-07 16:42,유저9,저도 확인 했습니다! 좋은 것 같아요
2020-04-07 16:42,유저9,:)
2020-04-07 16:42,유저20,고생하셨어요~~!
2020-04-07 16:43,유저19,다음회의때는 완전열씨미하겠습니다...
2020-04-07 16:43,유저18,수고하셨슴다~
2020-04-07 16:43,유저19,이모티콘
2020-04-07 16:43,유저20,오늘도 열심히해주셨습니다!!
2020-04-07 16:43,유저20,죄송해하실거 없어요~~!
2020-04-07 16:43,유저9,고생 하셨습니다!!
2020-04-07 16:43,유저20,넵 다들 수고하셨어요!
2020-04-07 16:43,유저21,채팅으로도 충분히 잘 보였어요!!!
2020-04-07 16:45,유저19,감사합니다...!
2020-04-28 17:54,유저9,"20.04.28 계층론 팀 회의록
 
- 부르디외 수업 들으며
    - 취향에 관한 것, 여행에 관한 것...
        - 숙소의 차이를 넣어도 괜찮지 않을까?
            - 상위 계층 : 호텔...
            - 중위 계층 : 펜션...
            - 하위 계층 : 게스트하우스...
        - 여행을 일반화 요소로 쓸 수 있는가?
            - 좀 더 일상생활적인 요소를...
                - 소비습관?
                    - 계층에 대한 박탈감 느낀 경험 => 소비 습관에 대한 경험에서 기인
                        - 친구가 가격표를 안 보고 바로 산다
                            - 소비 스타일
                                - 의식주에 빗대어 활용
                                    - 의
                                        - 옷을 사는 곳 등등
                                    - 식
                                        - 편의점, 레스토랑 등등
                                    - 주
                                        - 주거 환경, 주거 타입
        - 이미 완성해놓은 계급 지도에 적용할 수 있는 부분?
            - 계급
                - 강의 자료 : 계급이란 통계수치에 의해 정의 될 수 없다
                    - 통계수치 적용이 안 되는 부분들 : 맑스의 관계성, 
                        - 현재 우리가 나눈 기준은 경제력에 기반함
                            - 맑스의 관계성을 통해 생산수단의 소유(집 등) 등의 관계성을 표현할 수 있지 않을까?
                    - 아비투스의 적용
                        - 문화적인 부분까지 함께 향유하는 상류층, 그렇지 않은 상류층
                - 하나의 지도에 여러가지 기준 넣기... Ex/XYZ축
                    - 아비투스로 인해 계층이동이 불가능한 계층을 표현
                        - Ex/계급마다 할 수 있는 사교 모임이 다름 => 네트워킹의 계층별 단절 (인적 자본+문화적 자본)
                            - 계층이동이 지도에서 나타나는데, 중산층은 언제든지 무산계급으로 내려올 가능성이 내재되어 있다. 뿌띠부르주아지는 상류층으로의 계층이동이 어렵다. 따라서 아비투스를 통해 이러한 개념을 표현하면?
                        - 아비투스를 적용할 때, 아비투스를 제외한 개념은 가시적이며, 아비투스는 비가시적인 개념이다.
                            - 비가시적인 부분에서, 공기의 질로 나타내는 것은 어떨지?
                            - 공기의 질이 달라지면 생명체가 적응하기 힘들다는 것으로, 계층 적응이 힘듦을 나타내는 것은?
                                - 구름 위에 최상류층을 표현하여, 아예 접근하기 힘든 계층을 나타내기.
                                -"
2020-04-28 18:10,유저20,"20.04.28 계층론 팀 회의록
 
1. 소비습관 [의/식/주]를 기준으로
- 의, 식, 주로 나누어 계층별 소비습관 분석
 Ex. 의) 옷을 사는 곳 등등, 식) 편의점, 레스토랑 등등, 주) 주거 환경, 주거타입 등등
- 계층별로 의, 식, 주에 치중하는 비율 분석
 
2. 아비투스 개념 적용
- 통계적으로 정의되지 않는 부분에 대한 설명
- 문화적인 부분까지 함께 향유하는 상류층, 그렇지 않은 상류층 (*상류층은 계층 개념 중 하나의 예시)
- 하나의 지도에 여러가지 기준 넣기 Ex/XYZ축
- 아비투스로 인해 계층이동이 불가능한 계층을 표현
- Ex/계급마다 할 수 있는 사교 모임이 다름 => 네트워킹의 계층별 단절 (인적 자본+문화적 자본)
- 계층이동이 지도에서 나타나는데, 중산층은 언제든지 무산계급으로 내려올 가능성이 내재되어 있다. 뿌띠부르주아지는 상류층으로의 계층이동이 어렵다. 따라서 아비투스를 통해 이러한 개념을 표현하면?
- 아비투스를 적용할 때, 아비투스를 제외한 개념은 가시적이며, 아비투스는 비가시적인 개념이다.
→ 비가시적인 부분에서, 공기의 질로 나타내는 것은 어떨지?
→ 공기의 질이 달라지면 생명체가 적응하기 힘들다는 것으로, 계층 적응이 힘듦을 나타내는 것은?
→ 구름 위에 최상류층을 표현하여, 아예 접근하기 힘든 계층을 나타내기."
2020-04-28 18:10,유저20,제출용이 아니라 우선 논의된 부분을 정리해보았습니다!
2020-04-28 18:11,유저19,넵넵! ㅎㅎㅎ
2020-04-28 18:11,유저20,말씀하신 부분이 잘 드러나지 않았거나 빠진 부분 있으면 얘기해주세요!
2020-04-28 18:11,유저20,다음주 회의 때 수정하겠지만 우선은 추가해놓겠습니다~
2020-04-28 18:11,유저20,그런 부분이 있으면요!
2020-04-28 18:17,유저17,넘 깔끔하고 죠씁니당~!~!~!~!
2020-04-28 18:25,유저21,조아요오오
2020-04-28 18:28,유저9,좋습니당
2020-04-28 18:28,유저9,이모티콘
2020-04-28 18:28,유저19,고생많으셨어요😊
2020-04-28 18:29,유저18,고생하셨습니다!!
2020-04-28 18:43,유저20,이모티콘
2020-05-05 00:41,유저19,저희 내일 팀플하나요~?
2020-05-05 13:28,유저20,저는 오늘 괜찮습니다!
2020-05-05 13:40,유저17,저도 오늘 괜찮아요
2020-05-05 13:41,유저9,저두욥!
2020-05-05 13:50,유저17,"저희 토론 계층지도 토론하는거죠,,??"
2020-05-05 13:50,유저19,그렇죠..? 저번주에 교수님이 이번에 토론까지한거 같이해서 올리라고 하셨건 것 같아요!
2020-05-05 14:15,유저20,넵 맞아요!
2020-05-05 14:15,유저20,오늘 회의하면 5시쯤 어떨까요??
2020-05-05 14:17,유저19,저는 좋아요 ㅎㅎ
2020-05-05 14:17,유저19,이모티콘
2020-05-05 14:17,유저17,저도 5시 좋습니당!
2020-05-05 14:17,유저9,너무 좋아욤
2020-05-05 14:17,유저21,저두요ㅎㅎ
2020-05-05 14:20,유저18,저도 괜찮습니다 ㅎㅎ
2020-05-05 14:24,유저20,이모티콘
2020-05-05 15:16,유저9,헐
2020-05-05 15:16,유저9,새 이모티콘이다
2020-05-05 16:36,유저19,저희
2020-05-05 16:36,유저19,카톡 회의하나욤
2020-05-05 16:36,유저19,아니면 줌이나 보이스톡?
2020-05-05 16:53,유저20,음 보이스톡이랑 카톡 병행하다가 좀 힘들면 줌 해보는걸로 할까요??
2020-05-05 16:53,유저9,다들 화상이 편하신가요 ??
2020-05-05 16:54,유저19,저는 크게 상관없습니다!
2020-05-05 16:54,유저9,음 아니면
2020-05-05 16:54,유저9,화상 회의에 참여하려면 다음 링크를 클릭하세요. https://meet.google.com/cnj-raig-csx
2020-05-05 16:54,유저9,이걸로 해도 될 것 같아요
2020-05-05 16:54,유저19,혹시
2020-05-05 16:55,유저19,회원가입같은거 필요하나요??
2020-05-05 16:55,유저9,그냥 주소 누르시면 바로 접속될거에요!
2020-05-05 16:55,유저19,저눈 좋습니당
2020-05-05 16:55,유저19,이모티콘
2020-05-05 16:56,유저20,네 저도 좋ㅇ아요!
2020-05-05 16:56,유저9,유저20
2020-05-05 16:56,유저9,혹시 피터 교수님 계정으로
2020-05-05 16:56,유저9,들어오셨나요
2020-05-05 16:57,유저20,넵 잠시만요 ㅠㅠ
2020-05-05 16:57,유저9,순간 당황해서
2020-05-05 16:57,유저9,회의 종료를 할뻔 했읍니다
2020-05-05 16:57,유저20,계정 바꾸는데 자꾸 저걸로 되네요 ㅠㅠ
2020-05-05 16:57,유저20,헉 죄송합니다 저였어요!!
2020-05-05 16:57,유저9,ㅋㅋㅋㅋㅋㅋㅋㅋㅋㅋㅋㅋㅋㅋㅋ
2020-05-05 16:58,유저20,아하 이제 저로 됐습니다!
2020-05-05 16:58,유저9,감사합니당
2020-05-05 17:02,유저19,눈치만보는 우리들
2020-05-05 17:02,유저17,이모티콘
2020-05-05 17:03,유저18,이모티콘
2020-05-05 17:12,유저19,제
2020-05-05 17:12,유저19,목소리
2020-05-05 17:12,유저19,들리나요?
2020-05-05 17:12,유저9,ㅏ니요
2020-05-05 17:12,유저9,!
2020-05-05 17:12,유저18,아니요!
2020-05-05 17:12,유저19,아
2020-05-05 17:12,유저19,혼자
2020-05-05 17:12,유저19,열심히
2020-05-05 17:13,유저19,말하고있었네
2020-05-05 17:13,유저18,ㅋㅋㅋㅋㅋㅋㅋㅋㅋㅋㅋㅋㅋ
2020-05-05 17:13,유저19,잠시만 설정하고올게요
2020-05-05 17:14,유저19,저
2020-05-05 17:14,유저19,나갔다가
2020-05-05 17:14,유저19,다시들어올게요 ㅠㅠ
2020-05-05 17:15,유저19,저
2020-05-05 17:15,유저19,컴퓨터에선 마이크가 인식되는데
2020-05-05 17:15,유저19,이 프로그램에서는 안되나봐여..ㅠ
2020-05-05 17:20,유저18,https://news.kotra.or.kr/user/globalBbs/kotranews/3/globalBbsDataView.do?setIdx=242&dataIdx=110994
2020-05-05 17:36,유저17,https://m.blog.naver.com/shj5545/220754139681
2020-05-05 18:41,유저20,"경제적, 사회적 자본도 갖추지 못한 사람들 ex. 홈리스, 조손가정 등"
2020-05-05 19:16,유저17,사진
2020-05-05 19:16,유저19,이모티콘
2020-05-05 19:16,유저20,"파일: 그룹6 회의록 (4월28일, 5월5일).docx"
2020-05-05 19:16,유저20,회의록 한 번 만 봐주세요~!
2020-05-05 19:16,유저17,이모티콘
2020-05-05 19:16,유저20,수정할꺼 없으시면 수진이 그림이랑 함께 바로 카페에 올릴게욥!
2020-05-05 19:17,유저19,회의록
2020-05-05 19:17,유저19,괜찮아보입니다😊
2020-05-05 19:17,유저18,회의록 좋습니다!!
2020-05-05 19:18,유저9,저도 좋은 것 같습니다!!
2020-05-05 19:18,유저18,수고하셨습니다!!
2020-06-09 17:34,유저21,http://t1.daumcdn.net/cafeattach/1K7J9/b73269233732a6b7ebd90b119669d1211c66f0d8
2020-06-09 17:34,유저21,http://t1.daumcdn.net/cafeattach/1K7J9/4145b8244370cf1f9d76981a3ecd8ceea76833de
2020-06-09 17:41,유저21,http://blogfiles.naver.net/MjAxOTEyMThfMTEg/MDAxNTc2NjcxOTQxNjE2.qJfhhYbYgUqFSXfjgWs4iPDyZ18cdo5eg3fguAuPqhQg.u1iInB64vzliYFNN633751gpLvm_e46-STOVtGKRXsYg.PNG.ojh919/image.png
2020-06-09 17:53,유저21,https://mblogthumb-phinf.pstatic.net/20090926_273/power2people_1253964057825GsY5D_jpg/pic9_power2people.jpg?type=w210
2020-06-09 17:56,유저18,사진
2020-06-09 17:56,유저21,https://pds.joins.com/news/component/htmlphoto_mmdata/201304/05/htm_20130405132640104011.gif
2020-06-09 18:03,유저21,https://www.google.co.kr/url?sa=i&url=http%3A%2F%2Fm.segye.com%2Fview%2F20161004003705&psig=AOvVaw2BS0sm15LGXNhMrNh7Pkaj&ust=1591779351606000&source=images&cd=vfe&ved=0CAIQjRxqFwoTCIiCkKqu9OkCFQAAAAAdAAAAABAO
2020-06-09 18:09,유저18,끊겼네요ㅠ 
2020-06-09 18:09,유저19,저희 어떻게 할까요..?
2020-06-09 18:10,유저18,근데 저랑
2020-06-09 18:10,유저18,수진이랑
2020-06-09 18:10,유저18,"팀플이 있어서,,,"
2020-06-09 18:10,유저20,그렇군요
2020-06-09 18:10,유저19,아예 회의시간을 잡을까요?
2020-06-09 18:10,유저17,"혹시 시간을 한번 더 잡고 얘기하는건 어떨까유,,,"
2020-06-09 18:10,유저20,여러분 저희....
2020-06-09 18:10,유저17,넹넹
2020-06-09 18:10,유저20,다음주 월요일에 회의하는거
2020-06-09 18:10,유저20,"오바일까요,,,,?"
2020-06-09 18:10,유저18,월요일은
2020-06-09 18:10,유저18,"시험이 있어서,,,"
2020-06-09 18:10,유저19,음
2020-06-09 18:10,유저9,저두
2020-06-09 18:10,유저18,"스터디랑,,,"
2020-06-09 18:10,유저18,ㅠㅠ
2020-06-09 18:10,유저20,헉......
2020-06-09 18:10,유저19,좀 늦지않을까 싶긴한데
2020-06-09 18:10,유저9,월화수 다 시험이 있어서 ;ㅁ;
2020-06-09 18:10,유저20,"그렇군요,,,,,,"
2020-06-09 18:11,유저17,"주말중은 바쁘신가요,,,"
2020-06-09 18:11,유저17,?
2020-06-09 18:11,유저19,전 일요일 오전만 아니라면..
2020-06-09 18:11,유저18,주말중
2020-06-09 18:11,유저18,괜찮습니다!
2020-06-09 18:11,유저19,다른분들은
2020-06-09 18:11,유저19,어떠세요?
2020-06-09 18:11,유저21,토요일이
2020-06-09 18:11,유저21,저는 좋습니다
2020-06-09 18:11,유저21,일요일도 괜찮긴한데
2020-06-09 18:11,유저18,음 일요일보다
2020-06-09 18:11,유저9,"저도 주말 괜찮아요 굳이 ㅇ나눈다면 토>일 입니다 ,,,"
2020-06-09 18:11,유저21,다음주에 시험이 많아서ㅜ_ㅜ
2020-06-09 18:11,유저18,저도 토요일이 괜찮습니다!
2020-06-09 18:11,유저20,"저,,,,,,"
2020-06-09 18:12,유저19,오...
2020-06-09 18:12,유저18,"사실 금요일도 괜찮아요,,,"
2020-06-09 18:12,유저19,뭔가 안될 것 같은..
2020-06-09 18:12,유저20,"토요일에,,, 마감이 세개가 있어서 ㅠㅠㅠㅠ"
2020-06-09 18:12,유저18,"흠,,,ㅠㅠ"
2020-06-09 18:12,유저18,그럼
2020-06-09 18:12,유저18,일단
2020-06-09 18:12,유저19,하핫..
2020-06-09 18:12,유저9,"저도 금요일도 괜찮아요 ,,,,"
2020-06-09 18:12,유저20,너무 개인사정이긴한데 ㅠㅠㅠㅠ
2020-06-09 18:12,유저17,저도 금요일 괜찮습니다
2020-06-09 18:12,유저18,날짜를 다 올려볼까요..?
2020-06-09 18:12,유저9,ㅎㅁㅎ
2020-06-09 18:12,유저21,다
2020-06-09 18:12,유저21,시험기간이니까
2020-06-09 18:12,유저21,괜차나 민경아
2020-06-09 18:12,유저19,저는 다좋아요~
2020-06-09 18:12,유저21,!!
2020-06-09 18:12,유저18,음
2020-06-09 18:12,유저21,그러면 금요일은
2020-06-09 18:12,유저19,일요일오전뺴고는 다좋습니다
2020-06-09 18:12,유저21,조금 덜 부담될까?!
2020-06-09 18:13,유저18,금요일 어때요 다들?/
2020-06-09 18:13,유저20,"일요일은 안될까요,,,,?"
2020-06-09 18:13,유저18,"일요일,,,음,,,"
2020-06-09 18:13,유저20,아맞다
2020-06-09 18:13,유저19,일요일 오후면 저는 좋습니다
2020-06-09 18:13,유저18,오후면
2020-06-09 18:13,유저18,"괜찮습니다,,"
2020-06-09 18:13,유저17,전 일요일도 괜찮습니당
2020-06-09 18:13,유저18,시험전날이지만
2020-06-09 18:13,유저19,저녁쯤 어때요?
2020-06-09 18:13,유저18,빨리 하면 되지 않을까요!
2020-06-09 18:13,유저19,저녁먹기 직전!
2020-06-09 18:13,유저19,4시!
2020-06-09 18:13,유저17,조아용
2020-06-09 18:13,유저20,"저는 일요일이면 그저 감사합니다,,,,"
2020-06-09 18:13,유저18,그럼 그나마 되는 날이
2020-06-09 18:13,유저9,저도 괜찮아용
2020-06-09 18:13,유저18,일요일이니까
2020-06-09 18:14,유저18,일요일 4시?
2020-06-09 18:14,유저21,알겟서욤
2020-06-09 18:14,유저18,로 할까요?
2020-06-09 18:14,유저17,넵넵
2020-06-09 18:14,유저20,전 조아용
2020-06-09 18:14,유저19,ㅎㅎㅎ 좋아요다들
2020-06-09 18:14,유저21,그러면 그때까지
2020-06-09 18:14,유저21,뭔가
2020-06-09 18:14,유저21,하나씩
2020-06-09 18:14,유저21,맡아서
2020-06-09 18:14,유저21,생각해오는게
2020-06-09 18:14,유저21,"좀 더 효율적이지 않을까요,,?!"
2020-06-09 18:14,유저19,맞습니다
2020-06-09 18:14,유저17,좋습니당
2020-06-09 18:15,유저9,넹넹
2020-06-09 18:15,유저18,넹넹
2020-06-09 18:17,유저19,어떤 걸 맡을지 정하나요?
2020-06-09 18:17,유저20,안그래도 보고 있었는데
2020-06-09 18:17,유저20,어떤 걸 맡아야 할지
2020-06-09 18:17,유저20,잘 모르겠네요 ㅠㅠ
2020-06-09 18:17,유저19,일단은 막연하게
2020-06-09 18:18,유저19,찾아오는걸로할까요 그럼?
2020-06-09 18:18,유저19,그럼 너무 중구난방인가..
2020-06-09 18:19,유저20,"각자 경제적 자본, 사회적 자본, 문화적 자본을 기반으로 층 구분하는 기준 생각해오고(민지언니가 보내준 BBC처럼 문장으로) / 각각에 해당되는 구체적인 경, 사, 문 자본들의 예시(우리가 지금까지 했던 주거, 옷, 직업 등)를 대략적으로 생각해오는게 어떨까요??"
2020-06-09 18:19,유저20,뭔갈 나누기는 애매해보여서 ㅠㅠ 각자 대략적으로 생각해보면 좋을 걸 적어봤어요!!
2020-06-09 18:20,유저20,회의때 생각해내는 것보다 미리 하면 효율적이지 않을까 해서요..!
2020-06-09 18:21,유저18,넵넵!
2020-06-09 18:21,유저9,각자 다 준비해와서 실시간으로 채택하면 좀
2020-06-09 18:21,유저9,더 빨리 딱딱 진행될거 같아여 ㅎㅁㅎ
2020-06-09 18:21,유저19,알겠습니다~~
2020-06-09 18:21,유저21,조아용
2020-06-09 18:21,유저20,이모티콘
2020-06-14 15:50,유저9,"재훈 김 is inviting you to a scheduled Zoom meeting.
 
Topic: 재훈 김의 Zoom 회의
Time: Jun 14, 2020 04:00 PM Seoul
 
Join Zoom Meeting
https://us04web.zoom.us/j/4041045826?pwd=Si9LME5GWWRMbGZCTUZyY0xvMEJtUT09
 
Meeting ID: 404 104 5826
Password: 0Hdwr5"
2020-06-14 15:50,유저9,여기서 할까유 여러분
2020-06-14 15:50,유저18,넵~
2020-06-14 15:59,유저17,넵넵
2020-06-14 16:00,유저20,저만 안들어가진 건가요??
2020-06-14 16:00,유저18,저도 안들어가져요!
2020-06-14 16:00,유저9,헉
2020-06-14 16:00,유저20,아하
2020-06-14 16:00,유저9,열심히 수락을
2020-06-14 16:00,유저9,누르고 있습니당
2020-06-14 16:00,유저9,!!
2020-06-14 16:01,유저18,ㅋㅋㅋㅋㅋㅋㅋㅋㅋㅋㅋㅋㅋㅋㅋㅋㅋ
2020-06-14 16:05,유저17,파일: KCI_FI001822530.pdf
2020-06-14 16:09,유저18,파일: 2018 한국의 직업정보.pdf
2020-06-14 16:10,유저18,파일: kyobo_10083324.pdf
2020-06-14 16:11,유저18,사진
2020-06-14 16:11,유저18,사진
2020-06-14 16:11,유저18,사진
2020-06-14 16:12,유저19,사진
2020-06-14 16:12,유저19,사진
2020-06-14 16:13,유저19,https://news.joins.com/article/10900954
2020-06-14 16:13,유저19,사진
2020-06-14 16:16,유저9,사진
2020-06-14 16:16,유저9,사진
2020-06-14 16:16,유저9,사진
2020-06-14 16:17,유저9,사진
2020-06-14 16:17,유저9,사진
2020-06-14 16:18,유저9,사진
2020-06-14 16:18,유저9,사진
2020-06-14 16:18,유저9,사진
2020-06-14 16:18,유저9,사진
2020-06-14 16:20,유저9,"- 계급요소(유산자, 무산자 등)를 우리 계급 지도에 적용시킨다면?
    - 층별로 나누어놓은 주거 형태를 변경
        - 펜트하우스 -> 초고가의 펜트하우스/개인주택 등 자가소유 (+자가 외의 부동산 소유)
        - 3~10F -> 아파트/주택 등의 자가소유 또는 이러한 매매 금액에 준하는 전/월세 거주
        - 1~3F -> 저가형 거주시설의 자가소유(원룸, 투룸, 오래된 빌라, 오래된 아파트 등) 또는 이러한 매매 금액에 준하는 전/월세 거주
        - 지하실 -> 저가형 거주시설 임대형 거주(전/월세) 또는 공공복지 거주시설(주공아파트) 등 거주
        - 야외 -> 거주시설에 살고 있지 아니함"
2020-06-14 16:20,유저9,"- 현대 사회에서 주거 형태는 개인의 직업과 상대적으로 밀접한 관련이 있음(부모의 재산이 많더라도, 일반적으로 자녀가 좋은 직업을 가지는 것이 일반적임)
    - 따라서 직업 역시 계급요소로 지정한 주거형태와 밀접한 연관성이 있음
        - 직업에 대해 공신력 있는 지표 사용
        - : 한국표준직업분류"
2020-06-14 16:21,유저9,"- : 한국표준직업분류
			https://kssc.kostat.go.kr:8443/ksscNew_web/revision002.pdf
			http://laborstat.moel.go.kr/hmp/tblInfo/TblInfoList.do?menuId=0010001100101102&leftMenuId=0010001100101&bbsId="
2020-06-14 16:21,유저9,"- 실제 임금 분류 가능한 곳
 
http://laborstat.moel.go.kr/hmp/tblInfo/TblInfoList.do?menuId=0010001100101102&leftMenuId=0010001100101&bbsId="
2020-06-14 16:21,유저20,파일: 그룹지도_민경.docx
2020-06-14 16:27,유저21,사진
2020-06-14 16:28,유저21," 
연봉 10억이상 = 1566명 (신)
연봉 5~10억 = 4530명 (황제)
연봉 3~5억 = 1만 1811명 (황족)
연봉 1~3억 = (39만 7506명 (왕족)
연봉 8000~1억 = 42만 6755명 (귀족)
연봉 5천 ~ 8천 = 188만 8080명 (부르주아)
연봉 3천 ~ 5천 = 272만 4732명 (시민)
연봉 2천 ~ 3천 = 216만 4032명 (평민)
연봉 2천만 이하 = 285만 3281명 (혁명가)
과세미달자 : 62명 (몽상가)
"
2020-06-14 16:29,유저19,경제적 자본의 근거로 좋은 것 같습니다
2020-06-14 16:34,유저21,사진
2020-06-14 16:36,유저19,사진
2020-06-14 16:47,유저9,사진
2020-06-14 16:53,유저19,"다주택 /  본인의 집 소유 / 전세 / 월세 / 옥탑, 쪽방, 비닐집"
2020-06-14 16:59,유저9,사진
2020-06-14 17:00,유저9,사진
2020-06-14 17:08,유저19,사진
2020-06-14 17:08,유저19,사진
2020-06-14 17:11,유저9,사진
2020-06-14 17:12,유저19,사진
2020-06-14 17:12,유저19,사진
2020-06-14 17:14,유저19,사진
2020-06-14 17:15,유저19,이거 마지막꺼
2020-06-14 17:15,유저19,괜찮지않나요? 서울 데이터도 따로있고..
2020-06-14 17:15,유저18,좋은거 같아요!
2020-06-14 17:16,유저9,사진
2020-06-14 17:16,유저19,"이거보면 월세는 1,2분위가 가장많이 쓰고 전세는 3~6분위가 많이쓴다는걸 알 수 있어요"
2020-06-14 17:16,유저9,2018년 대도시에 속한 변수만 따로 골라서
2020-06-14 17:16,유저9,소득계층별로 자가 전세 월세로 나눠서 볼 수가 있네욤
2020-06-14 17:18,유저9,사진
2020-06-14 17:19,유저9,"그래프를 예쁘게 못 나타내긴 하는데
 
왼쪽부터 중위소득 50%미만의 자가, 전세, 월세
50~100% 미만 자가, 전세, 월세
100~150% 미만 자가, 전세, 월세,
150%이상 자가, 전세, 월세 비율
 
3개씩 끊어서 보면 됩니당"
2020-06-14 17:26,유저9,사진
2020-06-14 17:28,유저9,사진
2020-06-14 17:36,유저9,사진
2020-06-14 17:43,유저18,파일: kyobo_10083324.pdf
2020-06-14 17:43,유저18,사진 3장
2020-06-14 17:44,유저18,사진
2020-06-14 18:03,유저9,"맨윗층 : 관리자 (월 900만원 대)
 
2층 : 전문가 및 관련 종사자, 사무 종사자 (월 400만원 대)
 
1층 : 전직종, 장치 및 기계조작 및 조립 종사자, 기능원 및 관련 기능 종사자, 판매 종사자(월 300만원 대)
 
지하 : 농림어업 숙련 종사자, 단순노무 종사자, 서비스 종사자(월 200만원 대)"
2020-06-14 18:07,유저9,사진
2020-06-14 18:08,유저9,사진
2020-06-14 18:09,유저9,"1.관리자
 

 

 
11.공공 기관 및 기업 고위직
 

12.행정ㆍ경영 지원 및 마케팅 관리직
 

13.전문 서비스 관리직
 

 
14.건설ㆍ전기 및 생산 관련 관리직
 

15.판매 및 고객 서비스 관리직
 
2.전문가 및 관련 종사자
 

 

21.과학 전문가 및 관련직
 

 
22.정보 통신 전문가 및 기술직
 

23.공학 전문가 및 기술직
 

 
24.보건ㆍ사회복지 및 종교 관련직
 

25.교육 전문가 및 관련직
 

 
26.법률 및 행정 전문직
 

 
27.경영ㆍ금융전문가 및 관련직
 

28.문화ㆍ예술ㆍ스포츠 전문가 및 관련직
 
3.사무 종사자
 

 

 
31.경영 및 회계 관련 사무직
 

32.금융 사무직
 

 
33.법률 및 감사 사무직
 

 
39.상담ㆍ안내ㆍ통계 및 기타 사무직
 
4.서비스 종사자
 

 

41.경찰ㆍ소방 및 보안 관련 서비스직
 

42.돌봄ㆍ보건 및 개인 생활 서비스직
 

43.운송 및 여가 서비스직
 

 
44.조리 및 음식 서비스직
 

5.판매 종사자
 

 

 
51.영업직
 

 

52.매장 판매 및 상품 대여직
 

53.통신 및 방문ㆍ노점 판매 관련직
 
6.농림ㆍ어업 숙련 종사자
 

 

61.농ㆍ축산 숙련직
 

 
62.임업 숙련직
 

 
63.어업 숙련직
 

7.기능원 및 관련 기능 종사자
 

 
71.식품가공 관련 기능직
 

 
72.섬유ㆍ의복 및 가죽 관련 기능직
 

73.목재ㆍ가구ㆍ악기 및 간판 관련 기능직
 

74.금속 성형 관련 기능직
 

 
75.운송 및 기계 관련 기능직
 

76.전기 및 전자 관련 기능직
 

77.정보 통신 및 방송장비 관련 기능직
 

78.건설 및 채굴 관련 기능직
 

79.기타 기능 관련직
 

8.장치ㆍ기계 조작 및 조립 종사자
 

 
81.식품가공 관련 기계 조작직
 

82.섬유 및 신발 관련 기계 조작직
 

83.화학 관련 기계 조작직
 

 
84.금속 및 비금속 관련 기계 조작직
 

85.기계 제조 및 관련 기계 조작직
 

86.전기 및 전자 관련 기계 조작직
 

87.운전 및 운송 관련직
 

 
88.상하수도 및 재활용 처리 관련 기계 조작직
 
89.목재ㆍ인쇄 및 기타 기계 조작직
 
9.단순노무 종사자
 

 

91.건설 및 광업 관련 단순 노무직
 

92.운송 관련 단순 노무직
 

 
93.제조 관련 단순 노무직
 

 
94.청소 및 경비 관련 단순 노무직
 

95.가사ㆍ음식 및 판매 관련 단순 노무직
 

99.농림ㆍ어업 및 기타 서비스 단순 노무직"
2020-06-14 18:09,유저9,http://www.moel.go.kr/common/downloadFile.do?file_seq=20180400179&bbs_seq=20180400090&bbs_id=LOCAL1
2020-06-14 18:10,유저9,"파일: (참고)제7차 한국표준직업분류_분류항목표 전체(통계청, 직종 전체).pdf"
2020-06-14 18:13,유저9,"1.관리자
11.공공 기관 및 기업 고위직
12.행정ㆍ경영 지원 및 마케팅 관리직
13.전문 서비스 관리직
14.건설ㆍ전기 및 생산 관련 관리직
15.판매 및 고객 서비스 관리직
 
2.전문가 및 관련 종사자
21.과학 전문가 및 관련직
22.정보 통신 전문가 및 기술직
23.공학 전문가 및 기술직
24.보건ㆍ사회복지 및 종교 관련직
25.교육 전문가 및 관련직
26.법률 및 행정 전문직
27.경영ㆍ금융전문가 및 관련직
28.문화ㆍ예술ㆍ스포츠 전문가 및 관련직
 
3.사무 종사자
31.경영 및 회계 관련 사무직
32.금융 사무직
33.법률 및 감사 사무직
39.상담ㆍ안내ㆍ통계 및 기타 사무직
 
4.서비스 종사자
41.경찰ㆍ소방 및 보안 관련 서비스직
42.돌봄ㆍ보건 및 개인 생활 서비스직
43.운송 및 여가 서비스직
44.조리 및 음식 서비스직
 
5.판매 종사자
51.영업직
52.매장 판매 및 상품 대여직
53.통신 및 방문ㆍ노점 판매 관련직
 
6.농림ㆍ어업 숙련 종사자
61.농ㆍ축산 숙련직
62.임업 숙련직
63.어업 숙련직
 
7.기능원 및 관련 기능 종사자
71.식품가공 관련 기능직
72.섬유ㆍ의복 및 가죽 관련 기능직
73.목재ㆍ가구ㆍ악기 및 간판 관련 기능직
74.금속 성형 관련 기능직
75.운송 및 기계 관련 기능직
76.전기 및 전자 관련 기능직
77.정보 통신 및 방송장비 관련 기능직
78.건설 및 채굴 관련 기능직
79.기타 기능 관련직
 
8.장치ㆍ기계 조작 및 조립 종사자
81.식품가공 관련 기계 조작직
82.섬유 및 신발 관련 기계 조작직
83.화학 관련 기계 조작직
84.금속 및 비금속 관련 기계 조작직
85.기계 제조 및 관련 기계 조작직
86.전기 및 전자 관련 기계 조작직
87.운전 및 운송 관련직
88.상하수도 및 재활용 처리 관련 기계 조작직
89.목재ㆍ인쇄 및 기타 기계 조작직
 
9.단순노무 종사자
91.건설 및 광업 관련 단순 노무직
92.운송 관련 단순 노무직
93.제조 관련 단순 노무직
94.청소 및 경비 관련 단순 노무직
95.가사ㆍ음식 및 판매 관련 단순 노무직
99.농림ㆍ어업 및 기타 서비스 단순 노무직"
2020-06-14 18:14,유저9,"1. 관리자 (고위 공무원, 기업 관리자 등...)"
2020-06-14 18:16,유저9,"맨윗층 : 관리자 (월 900만원 대)
 
2층 : 전문가 및 관련 종사자, 사무 종사자 (월 400만원 대)
 
1층 : 전직종, 장치 및 기계조작 및 조립 종사자, 기능원 및 관련 기능 종사자, 판매 종사자(월 300만원 대)
 
지하 : 농림어업 숙련 종사자, 단순노무 종사자, 서비스 종사자(월 200만원 대)"
2020-06-14 18:18,유저9,사진
2020-06-14 18:25,유저9,"전직종, 장치 및 기계조작 및 조립 종사자, 기능원 및 관련 기능 종사자, 판매 종사자"
2020-06-14 18:25,유저9,월 300만원 대
2020-06-14 18:27,유저9,"농림어업 숙련 종사자, 단순노무 종사자, 서비스 종사자(월 200만원 대)"
2020-06-14 18:31,유저9,"공공근로
실업자 및 노숙자 등 저소득층에게 정부가 공공분야에서의 일자리를 마련하여 최소한의 생계를 보장해 주고 구제하는 사업이다. 시, 군, 구의 지방자치단체에서 시행한다.
참고로 공공일자리 사업과는 다르다."
2020-06-14 18:37,유저18,"맨 윗층: 이성, 감성 무관 소비 
2층, 1층 : 이성 중심 소비
하위: 이성, 감성 소비 "
2020-06-14 18:46,유저19,샵검색: #사다리게임
2020-06-14 18:48,유저19,특성
2020-06-14 18:53,유저17,사진
2020-06-14 18:57,유저20,저희 계급지도 지도만 올리면 되는거죠?? 설명없이
2020-06-14 18:57,유저20,"갑자기 헷갈려서요,,,!"
2020-06-14 18:58,유저9,저도 그렇게 알구 있는데 내일 저녁에도 쭉 살펴보면서
2020-06-14 18:58,유저9,다른 팀이 더 올린거 있으면 수정하면 될 것 같아욤
2020-06-14 19:00,유저20,아하 그렇군요
2020-06-14 19:01,유저20,그럼 사진 지금 올릴까요?
2020-06-14 19:02,유저18,넹넹
2020-06-14 19:03,유저20,넵
2020-06-14 19:04,유저20,"아 저희 계급인지 계층인지 그거 해결해야 하네요,,, 다른팀한테 한번 물어볼게요!"
2020-06-14 19:07,유저9,넵!!
2020-06-14 19:08,유저9,월세전세자가 통계랑 임금 통계는
2020-06-14 19:08,유저9,"소득계층별 주거 주택 가격/월세 가격
아동종합실태조사:거주 주택의 가격 및 월세액
http://kosis.kr/statHtml/statHtml.do?orgId=117&tblId=DT_117074_2018_A157&conn_path=I2
 
표준직업분류별 임금 조회
http://laborstat.moel.go.kr/hmp/tblInfo/TblInfoList.do?menuId=0010001100101102&leftMenuId=0010001100101&bbsId=
( 임금근로시간-직종산업별 임금 및 근로일수/시간 - 직종,학력,연령계층,성별 임금 및 근로조건)"
2020-06-14 19:08,유저9,통계자료 가져온 곳이 여기 두곳이고
2020-06-14 19:08,유저9,파일: 09-19표준직업분류별 월 임금추이.xlsx
2020-06-14 19:08,유저9,사진 3장
2020-06-14 19:08,유저9,팀플때 썼던 자료는 얘네입니다
2020-06-14 19:09,유저9,헉 카톡으로 보내니까 이미지 파일명이 사라지네요
2020-06-14 19:09,유저9,파일: 계급지도 통계자료.zip
2020-06-14 19:57,유저18,사진
2020-06-14 19:57,유저18,둘다 맞는거같네요...
2020-06-14 20:42,유저19,파일: 사계론 거주.hwp
2020-06-14 20:42,유저19,저랑 재현이가 준비한 파트 한꺼번에 묶어서 올립니다!
2020-06-14 22:07,유저21,제가 카페인데 키보드가 없어서 집가면 바로 정리해서 올릴게요!!
2020-06-14 23:33,유저21,"제가 직업 정리하고 있는데요, 아까 저희가 왜 의사 전문직등을 2계급에 넣었을까요,,?"
2020-06-14 23:33,유저21,지금 정리하면서 보니까
2020-06-14 23:34,유저21,"의사들 연봉이 월 400보다는 900에 훨씬 가까운데 여기에 넣어도 괜찮을까요,,?!"
2020-06-14 23:37,유저18,아마 그 표에서
2020-06-14 23:37,유저18,전문가가 400만원대여서 그런거 같은데요...?
2020-06-14 23:37,유저21,좀 의아해서 찾아보니깐
2020-06-14 23:38,유저21,성형외과 의사 연봉이 1억 3800 피부과 1억2천 내과안과등등 1억정도로
2020-06-14 23:38,유저21,"나와 있어서,,"
2020-06-14 23:38,유저21,0ㅁ0
2020-06-14 23:38,유저9,우리가 근거로 사용한 통계 자체가 의사를 전문가 및 관련 종사자로 넣고 있어서 그 평균에 들어가있다 보니까 그런 현상이 일어나는데 사실 그걸 고려하면 비단 의사만이 문제가 되는게 아니라서 사용한 통계자료에만 근거해서 지도를 표현해도 큰 문제는 없을 것 같아요
2020-06-14 23:39,유저9,사실 의사도 직접 개원한 전문의는 연봉이 다 억대 찍지만 연차 얼마 안된 일반의나 일자리 경쟁 심한 수도권 초임 페이닥터는 그렇게 많이 버는 것도 아니라서 ...
2020-06-14 23:39,유저9,이 그룹에 연봉 억대로 널리 알려진 법조인이나 회계사나 도선사 파일럿 같은 직업도 전부 포함되고 있어서
2020-06-14 23:40,유저9,연봉에서 약간 인식과 미스 매치가 생기는 부분은 어쩔 수 없을 것 같아요 8ㅁ8
2020-06-14 23:40,유저21,그러면 만약에 토론시간에
2020-06-14 23:40,유저21,저기에 대한 문제제기가 나오면
2020-06-14 23:40,유저21,"저희 답변을 뭐라고 해야할까요? 통계자료 근거,,?!"
2020-06-14 23:41,유저21,아 근데 저희 그림속에
2020-06-14 23:41,유저21,기업임원이랑 의사를 같은데 위치 시키는 것도 조금 문제가 있긴하네요
2020-06-14 23:41,유저21,ㅠ_ㅠ
2020-06-14 23:43,유저9,현실적으로 연봉 순위대로 모든 직업을 나타내기에는 한계가 있고 일부 자의적인 판단으로 직업을 나타낼 수 있는 문제가 있어서 가장 공신력 있는 국가에서 공식적으로 분류한 통계자료를 통해 직업을 분류하다보니 나타날 수 있었던 어쩔 수 없는 문제라는 ... 답변이 어떨까요 ㅎㅁㅎ... ㅠㅠ
2020-06-14 23:44,유저9,사실 모든 변수가 다 완벽하게 맞아떨어지는건 현실적으로 불가능해서 다른 조도 전부 그럴거구
2020-06-14 23:44,유저9,저희는 저희 나름대로 이런 기준으로 분류해봤다는 데에 의미를 두면 될 것 같아욤
2020-06-14 23:44,유저21,맞아요!_!
2020-06-14 23:44,유저21,그럼 저부분도 우선 직업 자료에 써놓을게요!
2020-06-14 23:44,유저9,넵넵!!
2020-06-15 00:14,유저21,파일: 직업분류.docx
2020-06-15 00:43,유저20,"파일: 이동가능성, 아비투스.docx"
2020-06-15 00:45,유저9,다들 고생하셨습ㄴ니다
2020-06-15 00:45,유저9,발표 전까지 잘 통합해서 준비할게요
2020-06-15 00:56,유저20,이모티콘
2020-06-15 00:57,유저18,이모티콘
2020-06-15 01:13,유저17,이모티콘
2020-06-15 20:47,유저20,저희 그럼 ‘계층’지도로 올릴까요?_?
2020-06-15 20:50,유저21,저는 계급이 더 좋은 것 같긴해요..!!
2020-06-15 20:55,유저18,계급으로
2020-06-15 20:55,유저18,하는게 좋을 거 같아요!
2020-06-15 20:56,유저20,아 저희가 선택할 수 있군여
2020-06-15 20:57,유저18,그런데 다원적불평등이면
2020-06-15 20:57,유저18,계층이 나을까요...?
2020-06-15 20:57,유저9,1 2 3계급으로 나눠서 뭔가
2020-06-15 20:57,유저9,저는 계급이 더 나은 것ㅁ 같다는 생각이 드네욤 @@
2020-06-15 20:58,유저18,아 이미 나누기를
2020-06-15 20:58,유저18,계급으로 나눠버렸네요
2020-06-15 21:01,유저20,흠 저도 계급 좋아요!
2020-06-15 21:01,유저20,크게 상관 없을 것 같기도 하구요..!
2020-06-15 21:01,유저21,아그리구
2020-06-15 21:01,유저21,어제 수진이가 마지막으로 보내준 그림에서
2020-06-15 21:01,유저21,"오탈자봤는데,,!"
2020-06-15 21:02,유저21,사진
2020-06-15 21:02,유저18,맟
2020-06-15 21:02,유저17,호에•᷄ ɞ •᷄
2020-06-15 21:03,유저17,사진
2020-06-15 21:03,유저17,아 모야
2020-06-15 21:04,유저17,사진
2020-06-15 21:04,유저17,"죄송합니다 ,,,,"
2020-06-15 21:05,유저20,엥 아녜유
2020-06-15 21:05,유저20,민지언니만 봣었는걸 ㅎㅅㅎ
2020-06-15 21:09,유저19,이모티콘
2020-06-15 21:10,유저20,그럼 계급지도로 올릴게욥!
2020-06-15 21:14,유저9,넵!!
2020-06-16 12:10,유저9,사진 3장
2020-06-16 12:10,유저9,뭔가
2020-06-16 12:10,유저9,발표할때 이 세개의 이미지도 같이 들어가면 좋을텐데
2020-06-16 12:10,유저9,이걸 같이 붙여서 업로드 하는건 좀 그렇겠죠 8ㅁ8
2020-06-16 12:11,유저18,음 그런데
2020-06-16 12:11,유저18,화면공유
2020-06-16 12:11,유저18,해서 같이 보여주는건
2020-06-16 12:11,유저18,산만할까요...?
2020-06-16 12:11,유저21,교수님한테
2020-06-16 12:11,유저21,부탁드리면
2020-06-16 12:11,유저21,될지도..!!
2020-06-16 12:11,유저9,음 아니면 댓글에 첨부해서
2020-06-16 12:11,유저9,교수님한테 한번 여쭤볼까요 통계자료 댓글에 올린것도 같이
2020-06-16 12:11,유저9,보여주실수 있는지
2020-06-16 12:12,유저17,"제출한 게시글에 같이 올리면 될것같아용,,!!"
2020-06-16 12:12,유저20,저도요!
2020-06-16 12:12,유저9,그럼 유저20이 혹시
2020-06-16 12:12,유저20,넵넵
2020-06-16 12:12,유저9,같이 올려주실 수 있을까요 ...!!
2020-06-16 12:12,유저20,제가 수정할게요!!
2020-06-16 12:12,유저9,감사합니닷
2020-06-16 12:13,유저9,그럼
2020-06-16 12:13,유저9,잠시만용
2020-06-16 12:13,유저9,파일: 계층론6조 자료.zip
2020-06-16 12:13,유저9,여기 카톡방에 바로 이미지 올리면 파일 이름이 바뀌어서
2020-06-16 12:13,유저9,이거 압축 풀어서 올려주심 될 것 같아요 !!!!!
2020-06-16 12:29,유저20,넵! 감사합니다!
2020-06-16 12:35,유저9,감사합니당
2020-06-16 12:35,유저9,사진
2020-06-16 12:35,유저9,정리해서 보내주신 내용 중에 요런 내용에
2020-06-16 12:35,유저9,중위소득 100~150%에 해당되는 2계급이라는 표현이
2020-06-16 12:36,유저9,"우리가 그때 주거에 따른 계급은 그냥 
1계급 : 다주택
2계급 자가 ...~~~~~ 로 나눴던 것 같은데"
2020-06-16 12:36,유저9,"중위소득 150% 이상
100~150% 미만
50~100% 미만 
50% 미만 
 
이걸 정리해서 보내주신 것처럼 계급에 대치시키는게 나을까요... ?!?!"
2020-06-16 12:38,유저9,"만약 이렇게 한다면,,,
계급지도에 적힌 기준을 
다주택자 / 자가 / 전세/ 월세 대신 
 
중위소득 150% 이상... 100~150% 미만... 이런 식으로 바꿔야 될 것 같네욥"
2020-06-16 12:44,유저9,혹시라도 바꾸는게 더 나을 것 같다는 의견 쪽으로 나오면
2020-06-16 12:44,유저9,사진
2020-06-16 12:44,유저9,이걸로 올리면 될 것 같구
2020-06-16 12:44,유저9,아니면 그냥 지도는 냅두구 저 근거자료만 추가하면 될 것 같아요 !!
2020-06-16 12:46,유저9,헉 생각해보니 이것도
2020-06-16 12:46,유저9,안 들어가서 이것도 넣어야겠네용
2020-06-16 12:49,유저9,사진
2020-06-16 12:49,유저18,오
2020-06-16 12:50,유저18,근데 보니까 저 논문이
2020-06-16 12:50,유저18,2010년 기준 중위소득을 고려했는데
2020-06-16 12:50,유저18,크게 차이날까요... 지금하고
2020-06-16 12:50,유저9,음
2020-06-16 12:50,유저9,각각 변인들을 중위소득을 정확히 매칭시킨건 아니니까
2020-06-16 12:50,유저9,사회 전체적인 고소득 중산 저소득층의 비율은
2020-06-16 12:51,유저9,결국 비슷할테니 저는 괜찮을 것 같는 의견입니닷
2020-06-16 12:51,유저18,아 넵!
2020-06-16 12:58,유저9,일단 수정한 것 기준으로 해서 발표 자료를
2020-06-16 12:58,유저9,파일: 계층론 계급지도 발표 자료.pdf
2020-06-16 12:59,유저9,정리했슴니다
2020-06-16 13:55,유저20,저 하나 조금 헷갈리는게 저희가 경제적-직업 으로 기준을 잡고 주거랑 소비습관을 넣기로 했었잖아요 
2020-06-16 13:56,유저9,넹넹
2020-06-16 13:56,유저20,그리고 중위소득은 주거의 근거? 로 마련한건데 저렇게 되면 약간 경중이 바뀐다고 해야할까요....?
2020-06-16 13:56,유저20,사실 저것도 나쁘지 않다고는 생각하는데
2020-06-16 13:56,유저20,저희가 회의했던거랑 맥락이 좀 달라지는 것같아서
2020-06-16 13:56,유저20,말씀드려봅니다!!
2020-06-16 13:56,유저9,헉
2020-06-16 13:56,유저9,그것도 그렇네요
2020-06-16 13:57,유저20,그리고 월 900만원 이상이랑 중위소득 150% 이상이랑 매치가 되는지도 (이건 제가 잘 몰라서!!) 조금 의문입니다!
2020-06-16 13:57,유저9,그럼 중위소득 부분은 다시 주거형태로
2020-06-16 13:57,유저9,다주택자 / 자가 / 전세 / 월세ㅗ로
2020-06-16 13:57,유저9,바꾸겠습니다ㅏ !!
2020-06-16 13:57,유저20,음 그렇게 하고 설명을 중위소득 연관시켜서 부탁드려도 될까요!
2020-06-16 13:59,유저20,재훈님 혹시 지도 수정하고 계신가요??
2020-06-16 13:59,유저9,헉 넵넵
2020-06-16 14:00,유저9,헉
2020-06-16 14:00,유저9,아니요
2020-06-16 14:00,유저20,아
2020-06-16 14:00,유저9,일단 발표자료만
2020-06-16 14:00,유저9,수정하고 있어요 먼저
2020-06-16 14:00,유저9,앗
2020-06-16 14:00,유저20,넵넵
2020-06-16 14:00,유저9,지금 업로드
2020-06-16 14:00,유저9,하ㅓ시게용
2020-06-16 14:00,유저9,????
2020-06-16 14:00,유저20,아뇨아뇨
2020-06-16 14:00,유저20,그러면 지도는 원래껄로 하면 될 것 같아서요!!
2020-06-16 14:00,유저9,워ㅗㄴ래 지도에
2020-06-16 14:00,유저9,그 소비 성향
2020-06-16 14:00,유저9,키워드가 안 들어가서
2020-06-16 14:00,유저18,그 찾아보니까
2020-06-16 14:00,유저9,그것만 추가로 넣을까요 그럼 ?!
2020-06-16 14:00,유저17,그럼 그거 제가 수정하겠습니당~!~!
2020-06-16 14:01,유저18,10년 기준 중위소득 150퍼이상은 600만원이상이긴
2020-06-16 14:01,유저18,하네요...
2020-06-16 14:01,유저17,소비성향만 추가하면 되는건가여?!
2020-06-16 14:01,유저20,넵넵!
2020-06-16 14:01,유저9,"앗 넵넵 
 
이성/감성 무관 소비
이성 중심 소비
이성 중심 소비
이성/감성 고려 소비
생계 유지를 위한 소비"
2020-06-16 14:01,유저9,윗층부터 요렇게 넣어주시면 될 것 같아요
2020-06-16 14:01,유저9,감사합니당
2020-06-16 14:01,유저9,사진
2020-06-16 14:02,유저9,"그럼 주택 부분은 이렇게 해서
통계자료를 보면
저소득층에 월세 비율이 훨씬 많고 고소득층으로 갈수록 자가 비율이 많고"
2020-06-16 14:02,유저9,다른 통계자료에서도 ~~~~~ 뭐시기 뭐시기해서
2020-06-16 14:02,유저9,이렇게 계급에 분류했다고 하겠습니당
2020-06-16 14:02,유저9,!!!
2020-06-16 14:02,유저20,넵 조아용
2020-06-16 14:02,유저18,넵넵!!
2020-06-16 14:03,유저20,대도시 기준인 것도 언급 부탁드려요!
2020-06-16 14:03,유저9,앗 맞다 넵!!!
2020-06-16 14:06,유저20,그 직업에서도 직업을 통해 소득 버는 사람 기준이라고? 이거 재훈님이 되게 좋게 표현하셨던 것 같은데... 이것도 함께 부탁드려요!
2020-06-16 14:06,유저17,사진
2020-06-16 14:06,유저9,헐 그게 뭐죠
2020-06-16 14:06,유저20,이 지도랑 아까 보내주신 자료들로 업로드 할게요!
2020-06-16 14:06,유저9,앗
2020-06-16 14:06,유저20,"아 그때 저 지도에 학생들은 포함이 안되니까 제 표현으로는 청소년, 학생들의 자녀세대들은 부모세대 기준으로 하자 이렇게 했었는데"
2020-06-16 14:06,유저9,#NAME?
2020-06-16 14:06,유저9,혹시 이거인가요
2020-06-16 14:06,유저17,경제활동을 하는 사람의 소득 기준이었던가 그랬던거 같습니당
2020-06-16 14:06,유저9,넹넹
2020-06-16 14:07,유저9,아아ㅏ
2020-06-16 14:07,유저9,제가 뭐라고 표현 했었었죠 ... @@
2020-06-16 14:08,유저9,우리가 직업/월소득에 따른 계급 분류에서도 지표로 사용한게 경제활동인구 기준으로 분류하는 자료이기 때문에
2020-06-16 14:08,유저9,때문에...
2020-06-16 14:08,유저9,"이런 내용이었을까요 ,,"
2020-06-16 14:08,유저18,그 부모요소 고려해서
2020-06-16 14:08,유저18,저부분인거 같은데요...?
2020-06-16 14:09,유저9,앗 그쵸...?!?!?!
2020-06-16 14:16,유저9,열심히 머릿속을 뒤져보고 있는데... 유저20이 얘기한게 어느 부분인지 딱 나오지가 않아서 복지론 끝나고 돌아오면 다시 물어보고 추가할게요 ㅎㅁㅎ...
2020-06-16 14:26,유저20,앗
2020-06-16 14:26,유저20,그냥
2020-06-16 14:27,유저20,"경제활동 하는 사람 기준으로 나누었고, 경제활동을 하지 않는 자녀세대는 부모세대를 기준으로 계급 분류에 포함된다"
2020-06-16 14:27,유저20,이렇게 어떨까요??
2020-06-16 14:28,유저9,사진
2020-06-16 14:28,유저20,그리고 자료 수정해서 업로드 한 거 한번만 확인부탁드려요! 혹시나 해서 ㅎㅎ
2020-06-16 14:29,유저9,약간 이런 느낌으로
2020-06-16 14:29,유저20,넵넵
2020-06-16 14:29,유저20,아주 좋습니다
2020-06-16 14:30,유저9,업로드 잘 된거 다 확인했어요!!!!!
2020-06-16 14:30,유저9,파일: 계층론 계급지도 발표 자료.pdf
2020-06-16 14:30,유저9,저도 이게 최종입니닷
2020-06-16 14:31,유저19,아... 늦게봐서 죄송합니다 ㅠㅠㅠㅠㅠㅠ
2020-06-16 14:33,유저19,잘 해결된건가요...?
2020-06-16 14:34,유저20,넵넵!
2020-06-16 14:34,유저20,이모티콘
2020-06-16 14:34,유저19,아이구 다행입니다 ㅠㅠ
2020-06-16 14:34,유저18,확인했습니다!
2020-06-16 14:35,유저18,발표 화이팅!!!!
2020-06-16 14:35,유저18,이모티콘
2020-06-16 14:47,유저19,화이팅!!!!
2020-06-16 14:48,유저9,이모티콘
2020-06-16 15:04,유저19,저희조
2020-06-16 15:04,유저19,솔직히 제일 잘한 것 같습니다
2020-06-16 15:08,유저17,ㅋㅋㅋㅋㅋㅋㅋㅋㅋㅋㅋㅋ
2020-06-16 15:08,유저17,마자용 저희조가 최고에영
2020-06-16 15:34,유저19,재훈이형
2020-06-16 15:34,유저9,넹넹
2020-06-16 15:34,유저19,파이팅!
2020-06-16 15:34,유저19,ㅋㅋㅋㅋㅋㅋㅋㅋㅋㅋㅋㅋ
2020-06-16 15:34,유저9,ㅋㅋㅋㅋㅋㅋㅋㅋ
2020-06-16 15:34,유저9,이모티콘
2020-06-16 15:34,유저9,사진
2020-06-16 15:34,유저9,저희 직업분류표에서 월급별로 계급 나눈게 좀 당위성이 없는 것 ㅏㄱㅌ아서
2020-06-16 15:34,유저19,오호
2020-06-16 15:34,유저19,좋아요
2020-06-16 15:34,유저9,소득분위별 평균 가구 월 소득이
2020-06-16 15:34,유저9,5분위가 100% 중위소득이라서
2020-06-16 15:34,유저9,저거 기준으로 대충 임기응변으로
2020-06-16 15:35,유저9,같이 넣겠습니다 ㅎㅁㅎ...
2020-06-16 15:35,유저19,좋습니다 행님
2020-06-16 15:35,유저9,마침 월소득이 저희 분류한 월급 기준이랑 비슷해서 다행이네욤
2020-06-16 15:35,유저19,다른팀들이 약간 굉장히 참신하기한데
2020-06-16 15:35,유저19,참신합니다만
2020-06-16 15:35,유저19,참신합니다
2020-06-16 15:37,유저18,뭐라는거에요
2020-06-16 15:37,유저19,참신하기만 한 것 같습니다
2020-06-16 15:38,유저21,저희도
2020-06-16 15:38,유저21,색깔
2020-06-16 15:38,유저21,뭐라고할지
2020-06-16 15:38,유저18,약간 저런 질문
2020-06-16 15:38,유저21,"얘기해야겟서요,,"
2020-06-16 15:38,유저18,들어올것같긴
2020-06-16 15:38,유저18,해요
2020-06-16 15:38,유저21,"무서워,,,"
2020-06-16 15:38,유저18,...
2020-06-16 15:38,유저21,"가치판단,,,음,,,"
2020-06-16 15:38,유저18,다른 거에
2020-06-16 15:38,유저18,다 통계기준으로 했으니까
2020-06-16 15:38,유저18,아비투스만큼은
2020-06-16 15:38,유저18,주관적으로...
2020-06-16 15:39,유저17,"빨주노초로 할걸,,,,"
2020-06-16 15:39,유저18,ㅋㅋㅋㅋㅋㅋㅋㅋㅋㅋㅋㅋㅋㅋㅋㅋㅋㅋㅋㅋㅋㅋㅋ
2020-06-16 15:39,유저18,제일 공정하긴하지...
2020-06-16 15:39,유저21,심지어 우리
2020-06-16 15:39,유저19,색깔자체는
2020-06-16 15:39,유저18,네
2020-06-16 15:39,유저21,표정도
2020-06-16 15:39,유저18,맞아요
2020-06-16 15:39,유저21,있어
2020-06-16 15:39,유저18,우리의 계급의식이라고
2020-06-16 15:39,유저18,할까요
2020-06-16 15:39,유저18,...?
2020-06-16 15:39,유저21,ㅋㅋㅋㅋㅋㅋㅋㅋㅋㅋㅋㅋㅋㅋㅋㅋㅋㅋㅋㅋㅋㅋㅋㅋㅋㅋㅋㅋㅋ
2020-06-16 15:39,유저18,근데
2020-06-16 15:39,유저18,그
2020-06-16 15:39,유저19,색갈자체보다는 색깔차이에 의의를 뒀다고
2020-06-16 15:39,유저18,층도
2020-06-16 15:39,유저20,색은 그냥 다르게 한거에 포커스 뒀다고 해고 괜찮지 않을까요....?
2020-06-16 15:39,유저18,선호도니까
2020-06-16 15:39,유저18,괜찮을거같은데
2020-06-16 15:39,유저19,하면되지않나요
2020-06-16 15:39,유저18,층크기도 그 계급으로 가고싶은
2020-06-16 15:39,유저18,선호도니까
2020-06-16 15:39,유저9,맞아요 색깔은 그냥
2020-06-16 15:40,유저21,근데 그냥 아무의미 없다기엔
2020-06-16 15:40,유저21,상위층이 너무 밝은색이고
2020-06-16 15:40,유저18,색깔도 약간 그런 계급의식을
2020-06-16 15:40,유저18,조금
2020-06-16 15:40,유저9,사진
2020-06-16 15:40,유저18,넣었다
2020-06-16 15:40,유저9,마지막을 좀 계속 고쳐봤는데
2020-06-16 15:40,유저9,아비투스는 그냥 서로
2020-06-16 15:40,유저9,다른 색을 가지고 있어서
2020-06-16 15:40,유저21,"우리 울타리밖이 울고있어오,,,"
2020-06-16 15:40,유저9,섞여도 티가 난다...?
2020-06-16 15:40,유저9,는 느낌이면 되지 않을까요 ㅠ
2020-06-16 15:40,유저20,넵넵
2020-06-16 15:40,유저9,그리고 맨 밑에 아쉬운 점은
2020-06-16 15:40,유저9,지적 당할 것 같은 부분이 ㅣㅇ썽서
2020-06-16 15:40,유저18,오
2020-06-16 15:40,유저9,있어서 그냥 미리 넣어버렸는데
2020-06-16 15:40,유저18,미리말해버리는...
2020-06-16 15:40,유저9,저걸 하는게 좋을까요
2020-06-16 15:40,유저9,ㅎㅁㅎ...
2020-06-16 15:40,유저18,그것도 좋은거 같아요
2020-06-16 15:40,유저19,선수치는게
2020-06-16 15:41,유저19,좋은 것 같아요
2020-06-16 15:41,유저21,흠 만족도정도로 하면
2020-06-16 15:41,유저18,저희도
2020-06-16 15:41,유저21,괜찮으려나
2020-06-16 15:41,유저18,재밌을거 같습니다
2020-06-16 15:41,유저21,만족도를 한번 찾아볼까욤
2020-06-16 15:41,유저9,만족도가 어떤
2020-06-16 15:41,유저9,부분 말씀하시는거에요 ?!?!
2020-06-16 15:41,유저18,그 계급에따른
2020-06-16 15:41,유저18,만족도??
2020-06-16 15:41,유저9,아하
2020-06-16 15:41,유저9,그건 뭐
2020-06-16 15:41,유저9,저흰 고려 안 했으니까...
2020-06-16 15:41,유저18,자기계급에대한...?
2020-06-16 15:41,유저9,없어도 되지 않을까요 ... ;ㅁ;
2020-06-16 15:42,유저19,저는 사실
2020-06-16 15:42,유저19,없어도 된다고 봅니다
2020-06-16 15:42,유저20,저도 사실 추가적으로 뭘하기보다는
2020-06-16 15:42,유저19,그냥 차이가 있다는것에 의의가 있다는게
2020-06-16 15:42,유저19,좋을 것 같은데...
2020-06-16 15:42,유저21,https://imgnews.pstatic.net/image/022/2018/06/04/20180604006574_0_20180604222005255.jpg?type=w430
2020-06-16 15:42,유저18,사실 느껴지는 계급에대한
2020-06-16 15:42,유저18,아비투스를 표현한거라
2020-06-16 15:42,유저21,교수님이
2020-06-16 15:42,유저18,차라리 현재 저희의 계급의식이 드러났다고
2020-06-16 15:42,유저18,하능게
2020-06-16 15:43,유저21,계급에 색을 입히는게
2020-06-16 15:43,유저21,가치판단처럼 보인다고 하시는데
2020-06-16 15:43,유저18,일단 그
2020-06-16 15:43,유저18,홈리스도
2020-06-16 15:43,유저18,회색이라서  ㅠ
2020-06-16 15:44,유저9,그래도
2020-06-16 15:44,유저9,저희가 한거 정도면
2020-06-16 15:44,유저9,괜찮을 것 같아요
2020-06-16 15:44,유저9,이모티콘
2020-06-16 15:44,유저21,저도 좋아욤
2020-06-16 15:45,유저21,하지만 교수님이
2020-06-16 15:45,유저18,ㅋㅋㅋㅋㅋㅋㅋㅋㅋㅋㅋㅋㅋㅋㅋㅋㅋㅋㅋㅋㅋㅋㅋㅋㅋㅋ
2020-06-16 15:45,유저21,"쪼금 무서워요,,,"
2020-06-16 15:45,유저19,교수님은
2020-06-16 15:45,유저9,이미 제출해버렸으니
2020-06-16 15:45,유저21,ㅋㅋㅋㅋㅋㅋㅋㅋㅋㅋㅋㅋㅋㅋㅋㅋㅋㅋㅋㅋㅋㅋㅋㅋㅋㅋㅋㅋㅋㅋㅋㅋ
2020-06-16 15:45,유저19,그 어떤 것에도 만족하지 못하십니다
2020-06-16 15:45,유저9,ㅎㅁㅎ
2020-06-16 15:45,유저18,어떻게든
2020-06-16 15:45,유저18,되겠죠!
2020-06-16 15:45,유저19,그냥 받아들이되
2020-06-16 15:45,유저19,저희다 재훈이형을 도와드려야합니다
2020-06-16 17:14,유저19,크
2020-06-16 17:14,유저19,고생하셨어요 재훈이형
2020-06-16 17:16,유저20,우리꺼 눌러도 돼요.....?
2020-06-16 17:16,유저17,수고하셨습니당!!!ㅠㅠ
2020-06-16 17:16,유저20,뺴네요 ㅎㅎ
2020-06-16 17:16,유저19,ㅋㅋㅋㅋㅋㅋㅋㅋㅋㅋㅋ
2020-06-16 17:16,유저9,ㅋㅋㅋㅋㅋㅋㅋㅋ
2020-06-16 17:16,유저21,"안된대 민경아,,,"
2020-06-16 17:16,유저9,고생하셨습니다
2020-06-16 17:16,유저21,아쉽다ㅜ
2020-06-16 17:16,유저9,이모티콘
2020-06-16 17:16,유저17,ㅋㅋㅋㅋㅋㅋㅋㅋㅋㅋㅋㅋㅋㅋㅋ
2020-06-16 17:16,유저20,우리가 제일 잘했는데....
2020-06-16 17:16,유저21,우리팀첵오
2020-06-16 17:16,유저17,"맞아용ㅠㅜ 한학기 넘 수고하셨습니당,,,"
2020-06-16 17:16,유저19,질문도 못하게 해버리는 완벽한
2020-06-16 17:16,유저19,고생하셨어요!
2020-06-16 17:17,유저18,수고하셨습니다ㅜㅜ
2020-06-16 17:17,유저18,"완벽,,,"
2020-06-16 17:17,유저18,"그자체,,,"
2020-06-16 17:32,유저9,다들 기말 잘 보세요
2020-06-16 17:32,유저18,파이팅~!!!
2021-02-02 14:11,유저9,"안녕하세요 여러분! 
다름이 아니라 제가 개발자로 소속되어 있는 교내 공식 창업동아리인 OHY Lab에서 이번에 Fromnode라는 서비스를 만들고 있습니다! 해당 서비스는 대학생들의 팀 프로젝트 작업을 더욱 원활하게 할 목적을 지닌 협업 보조 도구인데요! 
협업 과정에서 오고가는 대화를 AI 모델로 학습시키기 위한 일부 테스트 샘플이 필요해서 부득이하게 제가 소속되었던 팀 프로젝트 단톡방에 여쭤보게 되었습니다! 
개인을 특정할 수 있는 여러 개인정보는 전처리와 수작업을 통해 식별 불가능하도록 완전히 익명화하여, 불편을 겪지 않도록 하려고 합니다!
팀프로젝트 단톡방 채팅 데이터 활용을 위해 여러분께 사전에 동의를 얻고자 합니다. 
혹시 사용해도 괜찮을지 여쭈어 봅니다 🙏🏻🙏🏻"
2021-02-02 15:07,유저19,좋아요!! 파이팅해주세요👍👍
2021-02-02 15:10,유저21,네😊
2021-02-02 15:11,유저20,저도 괜찮습니다!
2021-02-02 15:12,유저9,앗 감사합니다 😭😭
